ids,label
1,2000
2,2008
3,1991
4,1999
5,1987
6,1991
7,1995
8,2005
9,2008
10,1984
11,1996
12,2011
13,2004
14,2003
15,2011
16,2004
17,2011
18,1995
19,1997
20,1985
21,1993
22,2009
23,1989
24,1997
25,1999
26,1983
27,2007
28,1990
29,2009
30,2006
31,1974
32,2003
33,1989
34,2006
35,2001
36,2005
37,1996
38,2004
39,2003
40,1996
41,1993
42,1997
43,1998
44,2002
45,1983
46,1975
47,2007
48,1998
49,2004
50,2011
51,1976
52,2005
53,2000
54,2011
55,1983
56,1981
57,2005
58,1989
59,2001
60,1998
61,1998
62,1995
63,1999
64,2001
65,1990
66,1981
67,1988
68,2011
69,1992
70,2004
71,1996
72,2006
73,2010
74,1991
75,1997
76,1990
77,1996
78,1995
79,2006
80,1985
81,1995
82,1999
83,2001
84,1998
85,1995
86,1986
87,1993
88,1999
89,1990
90,2001
91,1991
92,1983
93,2011
94,1997
95,2011
96,1987
97,2005
98,2009
99,1971
100,1985
101,2003
102,1990
103,1991
104,2011
105,1991
106,2011
107,2008
108,2003
109,1999
110,2007
111,1997
112,2010
113,2011
114,2000
115,1996
116,1989
117,1993
118,1977
119,2002
120,2003
121,1988
122,1998
123,2011
124,2009
125,1989
126,2009
127,1995
128,1999
129,2001
130,2002
131,2005
132,2005
133,2011
134,1949
135,2003
136,2003
137,1996
138,2001
139,1995
140,2011
141,1996
142,1999
143,1988
144,1992
145,2008
146,1988
147,1997
148,1991
149,1978
150,1992
151,1993
152,1995
153,1988
154,1985
155,2000
156,1978
157,2001
158,1992
159,1999
160,2000
161,2003
162,2003
163,1996
164,1967
165,2011
166,2011
167,2003
168,2001
169,1998
170,2005
171,1991
172,2011
173,2001
174,2005
175,1972
176,1990
177,1992
178,2005
179,2004
180,1996
181,2011
182,1979
183,1996
184,1986
185,2002
186,1995
187,1999
188,2003
189,2006
190,1985
191,1991
192,1973
193,2008
194,1987
195,1989
196,1997
197,2006
198,2006
199,1995
200,2011
201,2000
202,2000
203,2007
204,1984
205,1986
206,2001
207,1957
208,1988
209,1992
210,2011
211,1999
212,1999
213,1990
214,1978
215,2000
216,2008
217,2003
218,1992
219,2001
220,1983
221,1986
222,1988
223,2007
224,1999
225,1993
226,2003
227,1997
228,2004
229,1996
230,1991
231,2002
232,1973
233,1997
234,2002
235,2011
236,1998
237,1968
238,1986
239,1999
240,1998
241,2011
242,1992
243,1994
244,1985
245,1995
246,1993
247,2011
248,2000
249,1994
250,2004
251,1998
252,1997
253,1991
254,2002
255,2009
256,1993
257,2006
258,2011
259,1991
260,1987
261,1988
262,1968
263,2006
264,1970
265,2011
266,1988
267,1995
268,1992
269,1990
270,2011
271,1987
272,1980
273,1991
274,2007
275,1989
276,2011
277,1997
278,1982
279,1990
280,1982
281,2001
282,1986
283,1998
284,2002
285,1984
286,2011
287,2005
288,2000
289,2000
290,1994
291,1981
292,1998
293,1999
294,1995
295,2002
296,2005
297,1988
298,1996
299,1995
300,1998
301,1996
302,2009
303,1991
304,1996
305,2007
306,1974
307,1995
308,1984
309,2002
310,1999
311,2001
312,2011
313,1992
314,1995
315,1985
316,1978
317,2011
318,1992
319,2011
320,1978
321,2011
322,2000
323,2008
324,1993
325,2004
326,1994
327,1999
328,2011
329,2009
330,1998
331,2010
332,2000
333,1992
334,2011
335,1993
336,1993
337,2011
338,2009
339,1996
340,2003
341,1994
342,1992
343,2009
344,1991
345,1982
346,1978
347,1980
348,1996
349,1987
350,1979
351,1981
352,1985
353,1997
354,2008
355,2002
356,1993
357,2007
358,1975
359,2002
360,1981
361,2004
362,2011
363,1993
364,1991
365,1993
366,1999
367,2008
368,1977
369,1983
370,1994
371,1995
372,1984
373,2000
374,2002
375,1997
376,2008
377,1995
378,2006
379,2004
380,2011
381,1984
382,1974
383,2001
384,1979
385,2002
386,1994
387,1997
388,1998
389,2005
390,2001
391,1993
392,1995
393,2004
394,1996
395,2011
396,1984
397,1995
398,2009
399,2006
400,2001
401,1958
402,2011
403,1988
404,1999
405,1981
406,2004
407,2011
408,2006
409,2003
410,1982
411,1955
412,1998
413,1985
414,2010
415,1990
416,2003
417,2007
418,2006
419,1982
420,1993
421,1994
422,1998
423,1997
424,2000
425,1995
426,1978
427,1997
428,1971
429,2011
430,1994
431,2000
432,1997
433,1989
434,2007
435,1966
436,1999
437,1986
438,2004
439,1996
440,1998
441,2006
442,1995
443,2011
444,1995
445,2002
446,2011
447,1999
448,1999
449,1998
450,2002
451,1976
452,1996
453,1995
454,2003
455,1978
456,2003
457,1993
458,1995
459,1994
460,2004
461,1999
462,1990
463,1980
464,1992
465,1973
466,2011
467,1991
468,1980
469,1987
470,1992
471,2007
472,1997
473,2003
474,1998
475,1993
476,2011
477,2010
478,1988
479,2001
480,1989
481,2002
482,2002
483,2008
484,2001
485,1985
486,2011
487,2001
488,2001
489,1966
490,1998
491,2005
492,2011
493,1998
494,1993
495,1999
496,1981
497,2000
498,2004
499,2004
500,1989
501,1999
502,1989
503,2005
504,1999
505,2002
506,2002
507,1993
508,1995
509,2000
510,2001
511,2003
512,1979
513,1999
514,1996
515,1995
516,1982
517,1995
518,1997
519,2011
520,2001
521,2011
522,2001
523,1994
524,1999
525,1987
526,2007
527,1991
528,2011
529,1986
530,1999
531,1999
532,1998
533,1994
534,1986
535,2010
536,2005
537,2011
538,2008
539,1995
540,2011
541,1997
542,1977
543,2011
544,2003
545,2010
546,1999
547,1987
548,1990
549,2011
550,2003
551,2008
552,2002
553,2001
554,2003
555,2011
556,1996
557,2006
558,2005
559,1988
560,1974
561,1984
562,2001
563,2008
564,2007
565,1997
566,2011
567,1999
568,1960
569,2011
570,1999
571,1997
572,2008
573,2011
574,1993
575,2002
576,2011
577,1993
578,1995
579,2011
580,1991
581,2002
582,2003
583,1995
584,2001
585,1991
586,2002
587,1999
588,2011
589,1990
590,1997
591,1998
592,1996
593,2006
594,2011
595,2003
596,1996
597,2011
598,1976
599,1998
600,2011
601,2007
602,1997
603,2006
604,2011
605,1993
606,2004
607,1962
608,2009
609,1980
610,1999
611,1972
612,1997
613,1997
614,1987
615,2009
616,1990
617,2005
618,2008
619,1995
620,2006
621,2005
622,2008
623,1998
624,2011
625,1993
626,2001
627,1990
628,1992
629,2000
630,1969
631,2000
632,2002
633,2007
634,2002
635,2011
636,1998
637,1997
638,1968
639,1995
640,1981
641,1999
642,2006
643,2006
644,1980
645,2011
646,2000
647,2008
648,2009
649,1984
650,1984
651,2011
652,2009
653,2008
654,2000
655,1996
656,1982
657,2011
658,1984
659,1991
660,1992
661,1984
662,1997
663,1950
664,1998
665,1998
666,2011
667,2005
668,2000
669,1991
670,1992
671,1993
672,2009
673,2001
674,2003
675,2011
676,2005
677,1997
678,1980
679,2009
680,2002
681,1991
682,1999
683,1989
684,1977
685,1986
686,2008
687,2011
688,2011
689,2011
690,2011
691,1979
692,1992
693,1993
694,2011
695,1993
696,1996
697,2006
698,1995
699,2009
700,2000
701,2002
702,2011
703,1976
704,2005
705,1982
706,2011
707,2011
708,2011
709,1984
710,2000
711,1982
712,1994
713,1994
714,2000
715,1994
716,2001
717,2005
718,2011
719,1991
720,2011
721,2011
722,1995
723,1996
724,1987
725,2004
726,2005
727,1993
728,2001
729,2011
730,2003
731,2005
732,2003
733,1981
734,2010
735,1992
736,2011
737,1986
738,1994
739,1986
740,2003
741,2000
742,2001
743,1997
744,2011
745,1999
746,2001
747,2001
748,2009
749,2011
750,1999
751,1996
752,2008
753,2004
754,1986
755,2007
756,1990
757,1986
758,2000
759,1987
760,2005
761,2002
762,1996
763,1996
764,1999
765,2003
766,2007
767,1998
768,1992
769,1991
770,2008
771,1991
772,2008
773,2000
774,1982
775,1995
776,1994
777,1993
778,1997
779,2011
780,2001
781,2006
782,1986
783,2004
784,1998
785,1982
786,2003
787,1999
788,2004
789,2008
790,1998
791,2005
792,2005
793,2003
794,1999
795,2002
796,1998
797,1987
798,2003
799,1992
800,1998
801,2005
802,1999
803,2005
804,1998
805,1988
806,1985
807,2011
808,1990
809,2008
810,2002
811,2004
812,2010
813,1999
814,1978
815,2004
816,2001
817,2003
818,2005
819,2011
820,1985
821,1976
822,1992
823,2002
824,1982
825,2001
826,2008
827,1997
828,1995
829,1999
830,1998
831,2001
832,1984
833,1991
834,2005
835,2006
836,2001
837,1988
838,1991
839,2002
840,2011
841,1996
842,1991
843,1997
844,1994
845,1974
846,1999
847,1999
848,1994
849,2007
850,1999
851,1998
852,2003
853,1993
854,1999
855,1997
856,1982
857,1978
858,2008
859,2001
860,2000
861,2002
862,2010
863,1997
864,1994
865,1999
866,2008
867,2000
868,2001
869,1991
870,2011
871,1994
872,1976
873,2001
874,2011
875,1985
876,1988
877,2003
878,1998
879,1998
880,1992
881,1990
882,1992
883,2003
884,1982
885,2005
886,1968
887,1990
888,2002
889,2011
890,2004
891,1974
892,2003
893,2011
894,1990
895,1987
896,2007
897,2009
898,1998
899,2009
900,2000
901,1987
902,2008
903,1982
904,2001
905,2011
906,2002
907,1988
908,2011
909,2011
910,1999
911,1988
912,1985
913,2011
914,2000
915,2002
916,1961
917,2000
918,2011
919,1988
920,1992
921,1985
922,2004
923,1994
924,1960
925,2011
926,1997
927,2000
928,2008
929,2003
930,1996
931,2011
932,1981
933,1999
934,2011
935,2011
936,1990
937,1982
938,1992
939,1982
940,1997
941,1994
942,2007
943,1987
944,2011
945,1995
946,1994
947,1995
948,1995
949,1993
950,1973
951,2010
952,2000
953,2007
954,2002
955,1998
956,1998
957,1997
958,1991
959,1985
960,2000
961,1991
962,2003
963,2001
964,2011
965,2006
966,2011
967,1998
968,2010
969,1988
970,1993
971,1991
972,2011
973,2010
974,2003
975,1998
976,2000
977,2007
978,1993
979,2002
980,2001
981,2010
982,2000
983,2010
984,2005
985,1973
986,2001
987,1998
988,2007
989,2006
990,2000
991,2001
992,2005
993,2000
994,2011
995,1960
996,2005
997,2011
998,1994
999,2008
1000,1990
1001,1988
1002,2000
1003,2002
1004,1983
1005,2011
1006,2001
1007,1994
1008,1999
1009,1981
1010,1962
1011,2004
1012,1981
1013,2011
1014,2000
1015,2000
1016,2011
1017,1985
1018,2002
1019,1999
1020,1993
1021,2005
1022,1980
1023,1990
1024,1985
1025,1999
1026,2011
1027,2005
1028,2002
1029,1995
1030,2001
1031,2005
1032,1990
1033,2001
1034,2002
1035,1996
1036,1992
1037,2006
1038,1996
1039,1988
1040,1994
1041,2011
1042,1999
1043,1993
1044,2011
1045,1997
1046,1928
1047,1991
1048,2002
1049,2011
1050,1996
1051,1995
1052,1982
1053,1995
1054,1971
1055,1992
1056,1982
1057,2009
1058,1993
1059,1986
1060,2006
1061,2001
1062,1998
1063,1995
1064,2000
1065,2011
1066,1996
1067,2009
1068,1986
1069,1993
1070,2011
1071,2009
1072,1979
1073,2006
1074,2011
1075,2010
1076,2010
1077,2000
1078,2011
1079,2003
1080,2005
1081,2011
1082,2003
1083,1998
1084,1993
1085,1985
1086,1997
1087,2010
1088,1987
1089,2001
1090,2011
1091,2011
1092,1992
1093,2011
1094,1990
1095,1996
1096,2010
1097,2011
1098,1985
1099,2003
1100,2002
1101,2000
1102,2005
1103,2004
1104,1995
1105,1996
1106,1986
1107,1999
1108,1979
1109,1991
1110,1999
1111,1990
1112,2007
1113,2001
1114,1999
1115,2005
1116,2011
1117,1977
1118,1998
1119,1985
1120,1992
1121,1968
1122,2006
1123,1975
1124,1990
1125,1994
1126,2002
1127,1992
1128,1995
1129,1996
1130,1986
1131,1991
1132,2000
1133,2003
1134,1996
1135,2010
1136,1994
1137,2011
1138,1990
1139,1995
1140,1987
1141,2011
1142,2000
1143,1999
1144,2005
1145,2004
1146,1996
1147,1997
1148,1977
1149,1991
1150,1992
1151,2003
1152,2000
1153,2011
1154,1998
1155,2002
1156,1989
1157,1990
1158,2006
1159,2002
1160,1986
1161,1989
1162,1989
1163,1992
1164,1988
1165,1993
1166,1980
1167,2002
1168,1994
1169,1998
1170,2003
1171,2007
1172,1981
1173,1983
1174,1996
1175,1996
1176,1985
1177,1994
1178,1998
1179,2011
1180,1993
1181,2008
1182,1996
1183,1995
1184,1993
1185,1991
1186,1998
1187,2001
1188,1993
1189,1986
1190,2011
1191,2010
1192,2011
1193,2001
1194,1996
1195,2003
1196,2011
1197,1998
1198,2011
1199,2011
1200,2011
1201,1988
1202,1991
1203,2006
1204,1998
1205,2000
1206,2011
1207,2003
1208,1989
1209,1985
1210,2001
1211,2011
1212,1999
1213,1994
1214,1985
1215,2007
1216,2006
1217,1996
1218,1972
1219,1998
1220,1998
1221,2008
1222,1999
1223,2009
1224,1999
1225,1987
1226,1990
1227,1987
1228,1996
1229,1994
1230,2003
1231,2003
1232,2002
1233,2005
1234,2008
1235,2001
1236,1998
1237,2002
1238,2011
1239,1997
1240,2001
1241,1974
1242,1995
1243,1987
1244,2011
1245,2003
1246,1989
1247,1994
1248,2001
1249,2000
1250,2011
1251,2008
1252,1988
1253,2004
1254,1996
1255,1984
1256,2010
1257,1995
1258,1987
1259,1999
1260,2001
1261,1969
1262,2011
1263,2006
1264,1991
1265,2003
1266,1983
1267,1989
1268,1975
1269,1994
1270,1990
1271,1995
1272,1980
1273,2003
1274,1993
1275,1994
1276,2009
1277,2000
1278,2004
1279,1996
1280,2004
1281,1998
1282,2001
1283,1999
1284,1997
1285,1998
1286,1995
1287,2005
1288,2009
1289,2010
1290,2004
1291,1992
1292,1991
1293,1987
1294,1996
1295,2011
1296,2006
1297,1989
1298,2006
1299,2006
1300,2002
1301,1984
1302,2011
1303,1999
1304,2011
1305,1997
1306,1990
1307,2008
1308,1982
1309,2011
1310,1995
1311,2002
1312,2009
1313,2011
1314,1988
1315,1986
1316,2006
1317,2000
1318,2011
1319,1999
1320,1979
1321,2011
1322,2000
1323,2002
1324,2011
1325,1977
1326,2011
1327,2003
1328,2000
1329,2002
1330,1999
1331,2004
1332,2010
1333,2000
1334,1994
1335,1999
1336,1994
1337,1995
1338,2006
1339,1992
1340,2010
1341,2011
1342,2011
1343,2007
1344,1998
1345,1985
1346,2011
1347,2003
1348,2001
1349,2009
1350,2003
1351,1996
1352,1998
1353,1990
1354,1988
1355,2004
1356,1999
1357,1991
1358,1997
1359,2011
1360,1958
1361,1988
1362,1948
1363,1990
1364,2011
1365,2003
1366,1999
1367,2006
1368,2002
1369,1997
1370,1988
1371,1993
1372,2005
1373,1983
1374,1985
1375,1992
1376,2010
1377,2002
1378,1997
1379,2010
1380,1996
1381,1993
1382,2010
1383,2001
1384,1965
1385,1994
1386,1997
1387,2009
1388,1996
1389,2007
1390,1990
1391,2011
1392,2003
1393,1993
1394,2011
1395,2009
1396,1996
1397,2001
1398,2004
1399,2003
1400,2004
1401,1996
1402,1983
1403,1985
1404,1963
1405,1988
1406,1996
1407,2003
1408,1995
1409,2008
1410,1993
1411,1994
1412,1994
1413,2011
1414,1994
1415,2010
1416,2009
1417,2004
1418,1989
1419,1981
1420,1993
1421,1988
1422,1998
1423,2011
1424,1984
1425,2002
1426,2003
1427,1987
1428,1999
1429,2011
1430,1995
1431,2004
1432,2009
1433,2011
1434,2009
1435,1995
1436,1996
1437,2008
1438,1996
1439,2001
1440,1999
1441,2005
1442,2009
1443,1976
1444,2004
1445,2011
1446,1996
1447,2003
1448,1997
1449,2007
1450,2011
1451,1989
1452,1985
1453,2000
1454,2000
1455,2011
1456,1988
1457,1973
1458,1997
1459,1998
1460,1995
1461,2011
1462,1997
1463,1993
1464,2003
1465,1972
1466,2000
1467,1997
1468,2000
1469,1997
1470,1988
1471,1994
1472,2011
1473,2011
1474,2005
1475,1990
1476,2003
1477,1973
1478,2006
1479,2006
1480,1975
1481,2005
1482,1991
1483,1994
1484,2000
1485,1985
1486,1992
1487,2009
1488,2005
1489,1994
1490,1990
1491,1990
1492,1992
1493,1977
1494,2006
1495,2009
1496,2000
1497,1991
1498,1998
1499,1996
1500,2002
1501,1987
1502,2002
1503,2011
1504,2006
1505,1992
1506,1999
1507,2002
1508,2006
1509,1991
1510,1999
1511,2004
1512,2011
1513,1999
1514,1990
1515,2000
1516,1988
1517,1995
1518,2003
1519,1999
1520,2006
1521,2011
1522,1997
1523,2011
1524,2001
1525,1998
1526,1982
1527,2002
1528,1999
1529,2004
1530,2004
1531,2010
1532,2011
1533,1990
1534,1993
1535,2008
1536,2003
1537,1995
1538,2003
1539,2011
1540,2001
1541,1990
1542,1988
1543,2011
1544,1997
1545,1986
1546,1995
1547,1999
1548,2000
1549,1995
1550,2011
1551,1985
1552,2001
1553,1996
1554,2004
1555,2006
1556,1995
1557,2000
1558,2011
1559,2004
1560,2011
1561,1971
1562,2011
1563,2011
1564,1962
1565,2011
1566,2006
1567,2011
1568,2005
1569,1990
1570,2002
1571,1987
1572,2007
1573,1994
1574,1995
1575,2011
1576,1995
1577,1980
1578,2000
1579,2011
1580,2005
1581,2011
1582,2004
1583,2011
1584,1999
1585,2011
1586,1990
1587,2001
1588,1995
1589,1995
1590,1981
1591,2007
1592,2011
1593,1998
1594,1994
1595,2011
1596,2011
1597,1989
1598,2011
1599,1977
1600,2007
1601,1993
1602,1993
1603,1981
1604,2010
1605,2003
1606,1986
1607,1989
1608,1976
1609,1977
1610,2002
1611,1993
1612,2000
1613,2004
1614,2002
1615,1990
1616,1985
1617,1988
1618,2011
1619,2007
1620,2004
1621,1992
1622,2009
1623,2006
1624,1995
1625,1992
1626,2008
1627,1999
1628,1994
1629,2005
1630,2004
1631,2010
1632,1993
1633,2011
1634,2002
1635,1990
1636,1979
1637,1997
1638,2010
1639,1994
1640,1992
1641,2007
1642,2003
1643,1995
1644,1989
1645,1987
1646,2011
1647,1990
1648,1999
1649,2011
1650,2001
1651,1985
1652,1992
1653,1999
1654,2000
1655,1994
1656,2006
1657,2011
1658,2011
1659,2000
1660,1984
1661,2003
1662,2004
1663,2011
1664,1994
1665,2010
1666,2004
1667,1998
1668,1994
1669,1998
1670,2005
1671,1999
1672,1995
1673,2005
1674,1993
1675,2007
1676,2005
1677,1997
1678,1988
1679,1975
1680,2008
1681,2009
1682,2004
1683,2011
1684,1986
1685,1979
1686,1983
1687,1994
1688,2002
1689,2004
1690,1992
1691,1980
1692,2007
1693,1994
1694,2002
1695,2008
1696,1990
1697,1998
1698,1992
1699,2011
1700,1998
1701,1990
1702,1994
1703,2011
1704,1995
1705,1992
1706,2005
1707,1998
1708,2011
1709,2010
1710,1998
1711,1992
1712,2011
1713,2000
1714,1989
1715,2001
1716,1992
1717,2009
1718,2001
1719,1995
1720,1994
1721,1979
1722,2002
1723,1985
1724,2011
1725,1995
1726,2003
1727,1983
1728,1992
1729,1998
1730,2000
1731,2001
1732,1995
1733,2011
1734,2006
1735,2011
1736,1989
1737,2000
1738,2004
1739,2006
1740,2004
1741,1999
1742,2011
1743,1985
1744,2011
1745,1992
1746,1987
1747,2005
1748,2001
1749,1979
1750,1980
1751,1999
1752,1992
1753,2003
1754,1984
1755,1922
1756,2011
1757,2000
1758,2006
1759,2001
1760,1990
1761,2004
1762,2000
1763,1993
1764,1994
1765,2008
1766,1959
1767,2011
1768,2011
1769,1972
1770,1990
1771,2002
1772,2003
1773,1988
1774,1989
1775,2000
1776,1994
1777,2007
1778,1998
1779,1990
1780,2003
1781,2007
1782,2003
1783,1997
1784,2008
1785,2010
1786,1995
1787,1973
1788,2002
1789,2008
1790,2002
1791,1995
1792,1990
1793,1996
1794,1996
1795,1989
1796,1997
1797,2004
1798,2001
1799,1995
1800,2010
1801,1994
1802,2001
1803,2006
1804,2011
1805,2005
1806,1998
1807,1987
1808,2002
1809,2005
1810,1988
1811,2002
1812,2000
1813,2000
1814,1983
1815,2007
1816,2011
1817,2005
1818,2000
1819,2005
1820,2007
1821,2001
1822,1985
1823,2000
1824,2011
1825,2002
1826,1998
1827,1954
1828,2004
1829,2011
1830,1990
1831,1986
1832,2004
1833,2000
1834,1992
1835,2008
1836,2011
1837,1974
1838,1998
1839,2011
1840,1996
1841,2011
1842,2011
1843,2003
1844,1991
1845,2007
1846,1994
1847,2005
1848,2003
1849,1988
1850,1998
1851,2001
1852,2011
1853,1999
1854,1999
1855,2003
1856,2003
1857,2011
1858,1979
1859,2011
1860,2005
1861,2002
1862,1989
1863,1996
1864,1985
1865,1991
1866,1995
1867,1992
1868,1991
1869,2004
1870,1996
1871,1996
1872,2011
1873,1995
1874,2005
1875,1995
1876,2004
1877,2002
1878,1993
1879,2000
1880,1989
1881,1991
1882,2005
1883,2003
1884,1980
1885,1986
1886,2001
1887,1997
1888,2011
1889,1994
1890,1984
1891,2001
1892,2006
1893,1999
1894,1991
1895,1992
1896,1992
1897,2004
1898,2008
1899,2011
1900,2004
1901,2010
1902,1989
1903,2011
1904,1994
1905,1997
1906,1990
1907,1992
1908,2001
1909,1993
1910,2011
1911,1986
1912,2009
1913,2004
1914,2006
1915,1985
1916,1985
1917,2004
1918,1997
1919,2011
1920,1990
1921,2011
1922,1982
1923,1998
1924,2002
1925,1993
1926,1978
1927,1998
1928,1997
1929,1976
1930,1996
1931,2003
1932,2009
1933,1984
1934,1982
1935,1987
1936,2011
1937,1968
1938,1993
1939,2011
1940,1993
1941,2003
1942,1996
1943,2004
1944,1988
1945,2001
1946,2011
1947,1986
1948,2004
1949,2005
1950,1999
1951,2011
1952,2006
1953,1990
1954,2011
1955,2011
1956,2000
1957,1995
1958,1990
1959,2000
1960,2004
1961,2011
1962,1988
1963,1981
1964,2010
1965,1992
1966,2011
1967,2002
1968,1984
1969,2011
1970,1988
1971,2002
1972,2007
1973,1990
1974,1999
1975,1980
1976,2000
1977,1990
1978,2007
1979,2011
1980,1991
1981,1971
1982,2005
1983,1997
1984,2008
1985,2001
1986,2011
1987,2011
1988,2001
1989,1993
1990,2001
1991,1981
1992,2009
1993,1983
1994,1989
1995,2005
1996,2000
1997,1992
1998,1995
1999,1984
2000,2000
2001,1998
2002,1999
2003,1990
2004,1993
2005,2001
2006,2001
2007,2006
2008,1978
2009,2004
2010,1998
2011,2011
2012,2001
2013,2011
2014,1997
2015,2009
2016,1997
2017,1974
2018,1976
2019,1983
2020,1993
2021,1988
2022,2010
2023,2011
2024,1998
2025,1998
2026,1990
2027,1974
2028,2002
2029,1992
2030,2004
2031,1990
2032,1997
2033,2011
2034,1997
2035,1992
2036,1999
2037,1943
2038,2003
2039,2006
2040,1992
2041,2001
2042,2009
2043,1984
2044,1996
2045,2010
2046,2002
2047,2001
2048,2002
2049,2011
2050,1990
2051,1994
2052,2008
2053,1999
2054,2004
2055,1994
2056,2010
2057,1991
2058,1986
2059,2004
2060,2002
2061,1981
2062,2010
2063,1947
2064,1988
2065,2007
2066,1996
2067,1999
2068,1990
2069,1999
2070,2003
2071,2010
2072,2000
2073,2006
2074,2011
2075,1998
2076,1998
2077,2010
2078,1988
2079,1987
2080,1997
2081,1996
2082,1992
2083,1998
2084,1986
2085,1983
2086,1985
2087,2006
2088,2001
2089,2008
2090,1998
2091,1999
2092,2001
2093,2011
2094,1986
2095,2001
2096,1974
2097,2000
2098,2008
2099,2000
2100,1995
2101,1983
2102,1998
2103,1999
2104,2011
2105,2004
2106,1992
2107,1988
2108,1980
2109,2011
2110,1995
2111,1999
2112,2005
2113,2000
2114,2005
2115,1987
2116,2003
2117,2000
2118,1981
2119,1987
2120,2002
2121,2001
2122,2000
2123,2007
2124,2004
2125,1998
2126,1994
2127,2011
2128,1966
2129,1966
2130,2004
2131,1998
2132,2006
2133,2011
2134,1995
2135,1999
2136,1993
2137,1984
2138,1973
2139,2001
2140,1996
2141,2008
2142,2005
2143,2005
2144,2011
2145,1990
2146,1990
2147,2011
2148,2007
2149,1989
2150,1997
2151,2011
2152,1979
2153,1983
2154,1993
2155,1991
2156,1999
2157,1991
2158,2011
2159,2009
2160,1992
2161,1992
2162,2002
2163,1983
2164,1994
2165,1987
2166,1971
2167,1995
2168,1996
2169,2000
2170,1994
2171,1997
2172,1994
2173,1999
2174,2003
2175,2002
2176,2000
2177,2007
2178,2003
2179,2000
2180,2001
2181,2004
2182,1997
2183,1990
2184,2011
2185,1996
2186,1982
2187,1998
2188,1985
2189,1982
2190,1987
2191,1993
2192,2008
2193,2002
2194,1995
2195,1991
2196,1979
2197,2006
2198,2000
2199,1991
2200,1998
2201,2011
2202,1987
2203,2003
2204,2000
2205,1997
2206,1998
2207,1995
2208,1994
2209,2005
2210,1989
2211,1960
2212,1982
2213,2003
2214,1998
2215,1993
2216,2001
2217,2006
2218,1999
2219,1972
2220,2005
2221,2001
2222,2002
2223,1984
2224,2008
2225,2006
2226,2009
2227,2010
2228,1972
2229,1994
2230,1999
2231,2007
2232,1994
2233,2011
2234,1986
2235,1996
2236,1999
2237,1998
2238,2001
2239,1990
2240,2001
2241,1991
2242,1998
2243,2006
2244,1999
2245,2001
2246,1996
2247,1995
2248,1993
2249,2004
2250,2002
2251,2000
2252,1988
2253,2005
2254,2000
2255,1972
2256,2001
2257,2007
2258,1995
2259,1993
2260,1992
2261,1997
2262,1999
2263,1999
2264,1984
2265,1972
2266,1994
2267,2006
2268,1977
2269,1998
2270,2008
2271,2001
2272,2009
2273,2008
2274,2008
2275,1992
2276,2004
2277,1946
2278,2009
2279,1992
2280,1993
2281,2011
2282,1987
2283,1986
2284,2004
2285,1979
2286,2011
2287,1997
2288,2002
2289,2000
2290,2003
2291,1994
2292,1990
2293,1985
2294,2011
2295,1993
2296,2005
2297,2011
2298,1992
2299,1998
2300,1996
2301,2000
2302,2000
2303,1974
2304,2011
2305,1998
2306,1990
2307,1995
2308,1998
2309,2008
2310,1995
2311,1993
2312,1988
2313,2011
2314,1999
2315,1986
2316,2002
2317,1990
2318,1987
2319,2000
2320,1985
2321,1989
2322,1996
2323,2011
2324,1991
2325,2003
2326,1992
2327,1995
2328,1988
2329,2002
2330,2011
2331,2002
2332,1985
2333,2005
2334,1993
2335,1998
2336,2001
2337,1991
2338,2011
2339,2007
2340,1993
2341,1989
2342,2000
2343,1991
2344,1997
2345,1988
2346,1994
2347,1996
2348,2010
2349,1991
2350,2011
2351,2007
2352,2004
2353,2005
2354,1995
2355,2007
2356,2008
2357,2010
2358,2002
2359,2003
2360,2001
2361,1997
2362,1983
2363,2005
2364,1984
2365,2011
2366,1990
2367,2009
2368,2000
2369,1998
2370,2005
2371,2011
2372,2011
2373,1996
2374,2001
2375,1986
2376,1997
2377,2011
2378,2007
2379,1979
2380,1986
2381,1995
2382,2000
2383,2011
2384,2003
2385,1993
2386,1996
2387,2006
2388,2002
2389,1985
2390,2009
2391,1982
2392,2011
2393,2002
2394,2010
2395,2001
2396,1987
2397,1993
2398,1984
2399,2002
2400,2011
2401,2011
2402,1975
2403,1993
2404,2009
2405,1992
2406,2011
2407,2011
2408,1989
2409,1964
2410,2001
2411,2008
2412,1991
2413,1971
2414,1992
2415,1997
2416,2007
2417,2011
2418,2004
2419,2004
2420,1997
2421,2011
2422,1997
2423,1997
2424,2011
2425,1998
2426,1985
2427,1996
2428,1991
2429,1999
2430,1992
2431,2002
2432,1982
2433,1990
2434,2011
2435,2000
2436,2002
2437,1995
2438,1978
2439,1990
2440,1990
2441,1988
2442,2011
2443,1989
2444,2000
2445,2000
2446,1997
2447,2011
2448,2011
2449,1990
2450,1988
2451,1995
2452,2002
2453,2001
2454,2011
2455,2000
2456,1990
2457,1991
2458,1956
2459,1999
2460,1985
2461,1990
2462,2006
2463,1977
2464,1993
2465,2002
2466,1998
2467,1991
2468,1994
2469,2001
2470,1997
2471,1971
2472,1992
2473,2000
2474,1996
2475,1964
2476,2000
2477,1982
2478,1995
2479,2009
2480,2001
2481,2011
2482,1995
2483,1984
2484,1986
2485,1986
2486,1997
2487,1986
2488,1986
2489,1999
2490,1998
2491,1997
2492,1993
2493,1990
2494,1983
2495,2001
2496,1996
2497,1988
2498,1992
2499,2008
2500,2011
2501,1979
2502,2006
2503,2010
2504,2011
2505,2004
2506,1999
2507,1990
2508,1977
2509,1999
2510,1996
2511,2003
2512,2011
2513,1978
2514,1998
2515,1995
2516,1993
2517,2007
2518,2006
2519,1999
2520,1984
2521,2010
2522,1986
2523,2011
2524,1994
2525,1993
2526,2007
2527,2000
2528,2004
2529,2011
2530,1990
2531,2003
2532,2011
2533,2011
2534,1999
2535,2002
2536,1993
2537,2011
2538,2011
2539,2007
2540,2011
2541,2000
2542,1997
2543,2000
2544,1989
2545,1967
2546,1997
2547,1998
2548,2010
2549,2011
2550,2002
2551,1988
2552,2004
2553,2001
2554,2011
2555,1995
2556,1984
2557,1998
2558,2001
2559,2005
2560,1996
2561,2005
2562,2000
2563,1997
2564,2006
2565,2002
2566,1995
2567,1975
2568,2000
2569,2007
2570,1994
2571,1983
2572,2011
2573,2008
2574,1987
2575,2005
2576,1983
2577,2005
2578,2006
2579,1990
2580,2004
2581,2002
2582,2007
2583,1984
2584,1998
2585,1999
2586,2011
2587,2008
2588,2007
2589,1994
2590,2000
2591,1981
2592,2011
2593,1983
2594,1994
2595,1987
2596,1997
2597,1997
2598,2000
2599,1994
2600,2006
2601,1997
2602,1996
2603,2005
2604,1997
2605,1982
2606,1990
2607,1997
2608,1996
2609,2011
2610,2011
2611,1981
2612,2000
2613,2007
2614,2011
2615,2011
2616,2011
2617,1987
2618,2010
2619,2009
2620,1967
2621,1985
2622,2009
2623,2011
2624,2011
2625,1983
2626,1990
2627,2011
2628,2004
2629,2006
2630,1994
2631,1994
2632,2000
2633,2011
2634,1992
2635,1997
2636,1995
2637,1985
2638,1988
2639,2000
2640,1983
2641,2009
2642,1992
2643,1998
2644,1996
2645,2008
2646,2004
2647,1991
2648,1999
2649,2005
2650,2002
2651,1982
2652,1989
2653,2011
2654,1978
2655,2001
2656,1996
2657,1982
2658,1999
2659,2011
2660,2001
2661,2011
2662,2003
2663,2002
2664,1994
2665,2007
2666,2011
2667,1991
2668,1992
2669,1996
2670,2010
2671,1978
2672,1999
2673,2003
2674,1994
2675,2007
2676,2011
2677,1996
2678,2001
2679,1988
2680,2004
2681,1989
2682,1980
2683,2010
2684,2005
2685,1997
2686,1999
2687,1985
2688,2003
2689,1993
2690,2004
2691,1988
2692,2000
2693,1988
2694,1990
2695,1997
2696,2003
2697,2003
2698,1981
2699,2000
2700,1996
2701,1994
2702,1999
2703,1991
2704,2000
2705,1990
2706,2001
2707,1997
2708,2003
2709,1990
2710,1984
2711,2011
2712,1988
2713,1997
2714,1957
2715,1999
2716,2005
2717,2003
2718,1987
2719,2011
2720,2007
2721,1999
2722,1980
2723,1979
2724,1990
2725,2006
2726,1996
2727,2011
2728,1999
2729,2011
2730,2011
2731,1998
2732,2011
2733,1992
2734,1999
2735,2000
2736,2008
2737,1997
2738,1996
2739,1995
2740,2003
2741,2000
2742,1996
2743,1999
2744,1995
2745,2001
2746,2007
2747,1994
2748,1986
2749,2007
2750,1984
2751,1981
2752,1987
2753,2004
2754,1998
2755,1999
2756,2011
2757,2000
2758,2011
2759,2010
2760,2010
2761,1993
2762,2011
2763,1996
2764,2011
2765,1997
2766,1995
2767,2005
2768,1980
2769,2005
2770,1989
2771,1986
2772,2001
2773,2011
2774,1990
2775,2011
2776,1983
2777,1998
2778,2001
2779,1999
2780,1984
2781,1996
2782,2004
2783,1987
2784,2004
2785,1989
2786,2004
2787,1990
2788,2011
2789,2011
2790,1998
2791,2008
2792,1991
2793,2002
2794,2001
2795,2000
2796,2006
2797,2006
2798,2007
2799,2002
2800,1993
2801,2000
2802,2011
2803,2008
2804,2000
2805,2009
2806,2011
2807,2009
2808,1999
2809,1996
2810,1989
2811,2010
2812,1988
2813,2003
2814,2005
2815,2011
2816,1976
2817,1999
2818,1998
2819,1988
2820,1999
2821,1992
2822,1990
2823,2005
2824,2011
2825,1994
2826,1990
2827,2005
2828,1964
2829,2002
2830,2011
2831,1996
2832,2011
2833,2011
2834,1974
2835,1996
2836,1996
2837,2000
2838,1992
2839,1996
2840,1987
2841,2007
2842,2008
2843,1995
2844,2007
2845,1992
2846,2004
2847,1985
2848,1971
2849,1998
2850,1967
2851,1993
2852,2003
2853,2011
2854,2011
2855,1990
2856,2003
2857,1985
2858,2004
2859,1987
2860,1997
2861,1991
2862,1994
2863,1998
2864,2002
2865,2011
2866,1979
2867,2000
2868,1980
2869,1980
2870,2011
2871,2011
2872,1993
2873,1935
2874,1997
2875,1994
2876,2007
2877,1999
2878,1996
2879,1989
2880,1992
2881,1993
2882,1985
2883,2004
2884,2011
2885,2010
2886,1993
2887,1985
2888,2004
2889,2009
2890,1994
2891,2011
2892,1987
2893,1989
2894,1986
2895,2007
2896,1997
2897,1997
2898,2007
2899,1992
2900,1994
2901,1988
2902,2011
2903,1974
2904,2001
2905,1983
2906,1991
2907,2006
2908,1998
2909,1995
2910,2011
2911,1986
2912,2003
2913,1998
2914,1999
2915,1999
2916,2003
2917,2005
2918,2002
2919,2009
2920,1998
2921,1974
2922,1961
2923,1997
2924,1997
2925,1995
2926,1997
2927,2001
2928,2004
2929,2004
2930,2008
2931,1991
2932,2002
2933,1999
2934,2000
2935,2000
2936,1995
2937,1991
2938,2008
2939,1997
2940,2000
2941,1991
2942,2009
2943,1987
2944,2009
2945,2001
2946,1989
2947,1974
2948,1997
2949,1986
2950,1992
2951,1994
2952,1995
2953,1997
2954,1991
2955,2004
2956,1968
2957,1992
2958,2001
2959,2011
2960,2009
2961,1993
2962,2002
2963,1994
2964,2003
2965,1998
2966,2006
2967,2011
2968,1999
2969,1997
2970,1998
2971,1995
2972,1988
2973,2000
2974,2009
2975,1997
2976,1988
2977,1996
2978,2002
2979,2006
2980,1985
2981,1986
2982,1982
2983,2003
2984,2011
2985,1998
2986,2011
2987,2004
2988,1995
2989,2008
2990,1998
2991,1995
2992,1995
2993,1987
2994,1988
2995,1990
2996,1986
2997,1996
2998,2011
2999,2011
3000,2005
3001,2008
3002,2010
3003,2011
3004,2006
3005,1995
3006,1991
3007,2003
3008,1989
3009,2006
3010,1994
3011,1991
3012,2003
3013,1995
3014,1987
3015,2000
3016,1983
3017,1999
3018,2005
3019,1993
3020,1990
3021,1995
3022,1997
3023,2004
3024,1971
3025,1979
3026,1994
3027,2001
3028,2003
3029,2011
3030,1994
3031,1996
3032,2000
3033,2011
3034,2001
3035,2011
3036,1995
3037,1986
3038,1995
3039,1992
3040,1994
3041,2009
3042,2011
3043,2011
3044,1998
3045,2009
3046,2011
3047,2000
3048,2006
3049,2002
3050,1998
3051,1983
3052,1997
3053,1992
3054,2010
3055,1992
3056,1994
3057,1998
3058,2000
3059,1989
3060,2011
3061,1995
3062,2001
3063,1990
3064,2004
3065,2008
3066,2004
3067,1968
3068,1965
3069,2000
3070,2003
3071,2011
3072,1998
3073,2000
3074,2001
3075,2004
3076,1992
3077,1973
3078,2011
3079,2003
3080,2001
3081,1984
3082,2009
3083,2007
3084,2007
3085,1998
3086,2004
3087,2006
3088,1995
3089,1969
3090,2004
3091,2007
3092,1989
3093,1996
3094,1984
3095,1993
3096,1997
3097,2008
3098,1988
3099,2007
3100,2011
3101,2001
3102,2003
3103,1992
3104,2008
3105,2005
3106,2011
3107,1999
3108,1991
3109,2004
3110,1984
3111,1982
3112,1992
3113,2003
3114,2006
3115,2004
3116,2001
3117,1994
3118,1999
3119,2005
3120,1988
3121,1989
3122,1993
3123,2008
3124,1983
3125,1995
3126,1976
3127,2006
3128,1989
3129,1996
3130,2004
3131,1977
3132,1962
3133,2003
3134,1996
3135,2004
3136,1995
3137,2004
3138,1988
3139,1986
3140,2002
3141,1988
3142,1982
3143,2010
3144,2006
3145,1985
3146,1971
3147,1995
3148,1998
3149,2011
3150,2005
3151,1998
3152,1996
3153,1995
3154,2011
3155,1992
3156,1999
3157,2003
3158,2001
3159,1993
3160,1991
3161,2011
3162,1998
3163,2011
3164,2005
3165,2000
3166,1994
3167,1986
3168,2011
3169,1998
3170,2009
3171,2011
3172,1988
3173,1998
3174,2007
3175,1979
3176,2002
3177,1990
3178,1991
3179,1994
3180,2005
3181,2000
3182,2003
3183,1990
3184,2003
3185,2011
3186,2003
3187,1999
3188,1985
3189,2002
3190,2000
3191,1965
3192,1998
3193,1993
3194,2010
3195,2005
3196,1992
3197,1992
3198,1997
3199,1987
3200,1994
3201,2003
3202,1987
3203,2000
3204,1992
3205,1994
3206,1988
3207,1991
3208,1995
3209,1993
3210,1955
3211,1980
3212,1992
3213,1987
3214,1987
3215,1983
3216,2011
3217,1998
3218,1988
3219,1993
3220,1984
3221,1987
3222,2004
3223,1994
3224,1989
3225,1993
3226,1999
3227,2000
3228,1987
3229,1991
3230,1998
3231,2008
3232,2001
3233,1965
3234,1998
3235,1989
3236,2011
3237,1983
3238,1989
3239,1990
3240,1999
3241,2002
3242,2001
3243,1997
3244,1999
3245,1996
3246,2005
3247,1993
3248,2009
3249,1998
3250,1971
3251,1992
3252,2004
3253,1980
3254,1986
3255,1983
3256,2011
3257,1996
3258,2011
3259,2005
3260,1998
3261,2011
3262,2002
3263,1993
3264,2001
3265,1992
3266,1997
3267,1994
3268,1984
3269,1994
3270,2005
3271,2000
3272,1997
3273,1982
3274,1994
3275,1992
3276,1999
3277,1982
3278,2001
3279,1997
3280,1997
3281,2004
3282,2006
3283,1994
3284,2011
3285,2004
3286,2005
3287,1992
3288,1998
3289,2006
3290,1988
3291,1991
3292,1995
3293,1998
3294,2004
3295,2000
3296,1994
3297,2011
3298,1993
3299,1980
3300,2007
3301,1989
3302,1989
3303,2005
3304,1998
3305,1995
3306,1986
3307,2001
3308,1999
3309,2003
3310,2001
3311,1988
3312,2004
3313,2005
3314,1992
3315,1997
3316,1995
3317,1998
3318,2004
3319,1986
3320,1997
3321,2007
3322,1995
3323,1996
3324,1998
3325,2008
3326,2011
3327,2003
3328,2004
3329,2007
3330,1996
3331,1980
3332,2007
3333,2009
3334,1996
3335,1994
3336,1991
3337,2011
3338,2005
3339,2011
3340,1990
3341,1948
3342,2006
3343,1953
3344,2011
3345,1999
3346,2011
3347,1992
3348,1994
3349,1996
3350,2005
3351,1991
3352,1985
3353,2004
3354,2008
3355,1987
3356,2011
3357,1997
3358,2004
3359,1987
3360,1993
3361,1990
3362,1999
3363,2011
3364,1994
3365,2008
3366,2004
3367,2010
3368,2003
3369,1999
3370,2009
3371,1976
3372,1967
3373,1990
3374,2000
3375,2000
3376,1979
3377,2011
3378,2000
3379,1982
3380,1991
3381,1993
3382,1986
3383,1989
3384,1991
3385,1992
3386,2011
3387,1998
3388,1998
3389,2003
3390,2009
3391,2000
3392,2002
3393,2010
3394,2003
3395,1993
3396,2007
3397,2002
3398,2011
3399,1998
3400,1995
3401,2003
3402,1994
3403,2005
3404,1999
3405,1995
3406,1984
3407,2007
3408,1994
3409,2011
3410,1982
3411,2011
3412,1998
3413,1978
3414,2011
3415,2011
3416,2003
3417,2002
3418,2003
3419,1997
3420,1995
3421,2005
3422,1991
3423,1997
3424,1994
3425,1974
3426,1998
3427,1998
3428,2004
3429,1993
3430,2011
3431,1999
3432,2003
3433,2002
3434,2002
3435,2010
3436,2000
3437,1999
3438,1997
3439,1990
3440,1999
3441,2011
3442,1984
3443,1997
3444,1990
3445,2001
3446,1994
3447,2008
3448,2005
3449,1997
3450,1998
3451,2006
3452,1982
3453,1988
3454,2003
3455,1995
3456,1992
3457,2006
3458,2003
3459,2002
3460,2006
3461,1977
3462,2005
3463,2011
3464,1987
3465,1984
3466,1983
3467,1989
3468,2011
3469,1994
3470,2002
3471,2009
3472,1966
3473,2008
3474,1993
3475,2005
3476,1997
3477,2002
3478,1994
3479,2000
3480,1980
3481,1990
3482,1992
3483,2003
3484,1994
3485,1965
3486,2004
3487,2006
3488,1986
3489,1986
3490,2009
3491,2001
3492,2001
3493,2000
3494,1968
3495,2005
3496,1981
3497,2000
3498,2006
3499,2003
3500,2002
3501,1996
3502,1997
3503,2011
3504,2011
3505,2005
3506,2011
3507,2001
3508,2011
3509,1987
3510,2008
3511,1994
3512,1997
3513,1997
3514,2002
3515,1990
3516,2005
3517,1995
3518,2011
3519,1994
3520,2008
3521,2011
3522,2011
3523,2003
3524,2005
3525,2009
3526,2008
3527,1980
3528,1990
3529,2002
3530,1994
3531,1994
3532,1997
3533,1997
3534,2006
3535,1981
3536,1997
3537,2009
3538,1994
3539,2002
3540,1983
3541,2006
3542,1989
3543,1997
3544,1989
3545,2000
3546,2002
3547,2003
3548,1978
3549,2011
3550,1992
3551,1982
3552,2005
3553,2011
3554,2011
3555,2007
3556,1986
3557,2011
3558,2011
3559,2008
3560,1996
3561,1993
3562,2011
3563,2005
3564,1955
3565,1991
3566,1997
3567,2005
3568,2000
3569,1992
3570,2008
3571,1993
3572,2005
3573,2011
3574,2008
3575,2005
3576,1999
3577,1969
3578,2011
3579,2002
3580,1978
3581,2011
3582,1996
3583,1978
3584,1995
3585,2008
3586,2011
3587,1977
3588,1992
3589,1997
3590,2011
3591,2008
3592,1987
3593,2011
3594,1991
3595,1959
3596,2008
3597,2011
3598,1990
3599,2000
3600,1997
3601,1993
3602,2003
3603,2004
3604,2000
3605,1999
3606,2011
3607,1998
3608,2002
3609,1997
3610,2001
3611,1994
3612,1998
3613,2002
3614,1996
3615,1997
3616,2011
3617,2007
3618,1998
3619,1961
3620,2003
3621,1982
3622,2000
3623,1978
3624,1996
3625,2011
3626,2001
3627,1997
3628,1984
3629,2005
3630,2008
3631,1989
3632,2010
3633,1996
3634,1997
3635,2011
3636,2000
3637,2000
3638,2011
3639,1985
3640,2009
3641,1989
3642,2003
3643,1999
3644,2000
3645,1992
3646,1988
3647,1993
3648,2003
3649,1987
3650,2004
3651,1999
3652,2001
3653,2007
3654,2009
3655,1987
3656,1995
3657,1982
3658,2011
3659,2011
3660,1995
3661,2000
3662,2003
3663,1999
3664,2002
3665,1984
3666,1989
3667,1981
3668,1984
3669,2005
3670,1993
3671,2006
3672,1996
3673,1989
3674,2006
3675,2005
3676,2004
3677,1996
3678,1945
3679,2011
3680,2001
3681,2006
3682,1995
3683,1980
3684,1991
3685,1999
3686,2011
3687,1990
3688,1981
3689,1994
3690,1994
3691,1987
3692,2000
3693,2011
3694,1993
3695,2001
3696,2000
3697,2007
3698,1987
3699,2011
3700,2000
3701,1989
3702,2003
3703,1991
3704,2011
3705,2003
3706,2004
3707,2003
3708,1995
3709,2003
3710,1994
3711,2009
3712,1988
3713,2000
3714,1986
3715,1946
3716,1972
3717,1981
3718,2002
3719,2002
3720,1992
3721,2005
3722,2004
3723,1995
3724,2010
3725,1998
3726,2010
3727,2002
3728,1983
3729,2011
3730,1992
3731,1999
3732,1996
3733,1976
3734,2001
3735,1997
3736,2007
3737,2005
3738,2011
3739,2003
3740,1983
3741,2001
3742,2011
3743,2011
3744,2004
3745,1998
3746,2009
3747,1922
3748,1999
3749,1981
3750,2007
3751,1995
3752,1995
3753,1990
3754,1971
3755,1987
3756,2008
3757,2011
3758,2011
3759,1996
3760,2011
3761,1997
3762,1992
3763,1991
3764,2002
3765,1986
3766,2011
3767,2011
3768,2004
3769,2011
3770,1972
3771,2000
3772,2003
3773,1992
3774,1996
3775,1995
3776,1999
3777,1993
3778,1994
3779,2011
3780,2002
3781,2007
3782,1993
3783,1971
3784,1998
3785,1988
3786,1998
3787,2006
3788,2011
3789,2005
3790,2005
3791,2009
3792,2007
3793,1988
3794,2000
3795,1993
3796,1991
3797,2004
3798,2000
3799,2010
3800,2006
3801,2008
3802,2002
3803,2001
3804,1987
3805,1984
3806,1991
3807,1993
3808,1985
3809,1997
3810,1982
3811,2005
3812,2011
3813,2000
3814,2003
3815,1979
3816,1990
3817,1985
3818,1993
3819,1995
3820,1983
3821,1982
3822,1977
3823,2011
3824,1988
3825,2011
3826,2003
3827,2011
3828,2001
3829,1993
3830,2010
3831,1991
3832,1998
3833,1993
3834,2006
3835,1980
3836,1972
3837,1991
3838,2004
3839,1969
3840,2000
3841,1972
3842,1983
3843,2011
3844,1993
3845,1995
3846,1993
3847,1984
3848,1996
3849,2002
3850,1990
3851,2011
3852,1994
3853,2008
3854,1982
3855,2001
3856,2011
3857,2008
3858,1986
3859,2009
3860,2010
3861,1989
3862,2011
3863,2002
3864,2002
3865,1997
3866,1993
3867,1981
3868,1986
3869,1997
3870,2011
3871,1985
3872,2008
3873,1995
3874,2011
3875,1997
3876,1992
3877,1999
3878,2005
3879,2002
3880,2011
3881,2006
3882,2011
3883,1974
3884,1991
3885,2005
3886,2000
3887,2005
3888,1999
3889,2005
3890,1999
3891,1998
3892,1989
3893,1997
3894,1993
3895,2009
3896,1984
3897,2009
3898,1998
3899,1988
3900,1967
3901,1994
3902,2011
3903,2002
3904,2006
3905,2004
3906,1974
3907,1995
3908,1993
3909,2011
3910,1996
3911,2003
3912,2001
3913,2011
3914,1994
3915,1986
3916,2008
3917,2011
3918,1992
3919,2001
3920,1999
3921,1974
3922,2009
3923,2011
3924,1985
3925,2004
3926,1967
3927,1982
3928,1992
3929,2011
3930,1996
3931,2002
3932,2008
3933,1994
3934,2005
3935,1981
3936,1996
3937,2011
3938,1993
3939,1986
3940,1973
3941,1993
3942,2005
3943,1992
3944,1998
3945,2004
3946,1991
3947,2011
3948,2011
3949,1982
3950,1982
3951,2006
3952,2009
3953,2007
3954,2011
3955,2004
3956,1991
3957,2009
3958,2001
3959,1995
3960,2006
3961,2000
3962,1999
3963,1991
3964,2002
3965,2011
3966,2011
3967,1992
3968,2002
3969,2011
3970,2004
3971,1996
3972,2002
3973,1994
3974,1991
3975,1980
3976,1985
3977,1992
3978,1991
3979,1949
3980,1991
3981,1973
3982,1990
3983,2011
3984,2011
3985,1997
3986,2000
3987,2007
3988,2000
3989,1997
3990,1995
3991,1984
3992,1993
3993,2004
3994,2011
3995,1992
3996,1981
3997,1997
3998,1990
3999,2002
4000,2010
4001,1974
4002,1973
4003,2008
4004,2002
4005,2006
4006,2011
4007,1998
4008,2011
4009,2002
4010,1999
4011,1998
4012,1991
4013,1996
4014,2005
4015,2002
4016,1988
4017,2001
4018,2001
4019,2011
4020,2011
4021,2007
4022,2011
4023,1999
4024,2004
4025,2005
4026,2002
4027,2006
4028,2007
4029,1984
4030,1996
4031,2011
4032,1977
4033,1998
4034,2011
4035,1980
4036,1990
4037,2011
4038,2002
4039,1998
4040,1982
4041,2001
4042,2007
4043,1996
4044,2007
4045,1992
4046,2011
4047,1993
4048,2000
4049,1998
4050,2011
4051,2001
4052,2011
4053,2011
4054,2002
4055,2003
4056,1980
4057,1987
4058,2011
4059,1995
4060,1983
4061,2004
4062,1992
4063,2004
4064,1994
4065,1990
4066,2005
4067,2002
4068,2005
4069,1983
4070,1999
4071,1996
4072,2011
4073,2011
4074,2011
4075,2004
4076,2011
4077,1996
4078,2001
4079,2007
4080,1999
4081,1993
4082,2011
4083,2005
4084,1993
4085,2006
4086,1996
4087,2010
4088,1999
4089,1999
4090,2009
4091,2001
4092,2005
4093,1993
4094,1999
4095,2000
4096,2007
4097,2004
4098,2003
4099,2010
4100,1979
4101,1988
4102,1999
4103,1994
4104,2011
4105,2007
4106,2007
4107,2011
4108,1985
4109,2005
4110,1963
4111,1997
4112,2011
4113,2003
4114,1956
4115,1993
4116,2011
4117,2008
4118,2002
4119,1997
4120,2004
4121,1970
4122,1996
4123,2011
4124,1988
4125,2009
4126,2000
4127,1981
4128,1992
4129,2008
4130,1989
4131,1977
4132,1995
4133,2011
4134,1992
4135,2011
4136,2008
4137,2007
4138,2009
4139,2009
4140,2001
4141,1999
4142,1990
4143,1994
4144,2004
4145,2010
4146,1997
4147,1980
4148,2011
4149,1990
4150,1990
4151,1984
4152,2008
4153,1995
4154,2002
4155,2010
4156,1990
4157,1982
4158,2008
4159,2004
4160,1994
4161,2007
4162,1985
4163,1997
4164,1995
4165,1987
4166,1996
4167,1998
4168,1995
4169,2001
4170,2004
4171,2006
4172,2011
4173,2004
4174,2011
4175,1989
4176,2010
4177,1989
4178,1989
4179,1983
4180,1996
4181,1996
4182,2011
4183,2000
4184,1995
4185,1984
4186,1980
4187,1989
4188,1996
4189,1991
4190,1994
4191,1997
4192,2008
4193,2008
4194,1986
4195,1990
4196,1994
4197,2000
4198,1993
4199,2000
4200,2010
4201,2003
4202,1977
4203,1983
4204,1999
4205,1982
4206,2011
4207,1998
4208,1990
4209,1986
4210,1981
4211,2005
4212,1973
4213,1984
4214,1985
4215,1994
4216,2011
4217,2000
4218,1983
4219,2005
4220,1977
4221,1999
4222,1992
4223,2001
4224,1986
4225,1996
4226,1984
4227,2011
4228,2011
4229,2011
4230,2011
4231,2000
4232,1991
4233,2006
4234,2011
4235,2005
4236,2000
4237,1992
4238,2006
4239,1992
4240,2011
4241,1991
4242,1969
4243,1993
4244,2001
4245,1989
4246,2007
4247,2000
4248,1984
4249,2006
4250,1999
4251,1995
4252,1995
4253,2003
4254,1992
4255,2011
4256,1995
4257,1996
4258,1988
4259,1995
4260,1994
4261,2001
4262,1996
4263,2007
4264,2003
4265,1992
4266,1998
4267,1978
4268,2007
4269,2001
4270,2008
4271,2000
4272,1992
4273,2007
4274,2001
4275,2010
4276,2011
4277,1980
4278,2003
4279,1999
4280,1985
4281,1994
4282,2011
4283,2005
4284,2007
4285,1978
4286,1994
4287,2008
4288,2000
4289,2000
4290,2009
4291,1984
4292,1994
4293,2005
4294,1980
4295,2004
4296,1971
4297,2011
4298,1988
4299,2007
4300,1979
4301,2008
4302,2005
4303,2002
4304,2001
4305,1989
4306,1997
4307,2000
4308,2007
4309,2004
4310,1995
4311,2011
4312,1979
4313,2001
4314,1989
4315,1997
4316,1981
4317,1991
4318,1999
4319,1987
4320,1990
4321,1993
4322,1999
4323,1993
4324,1989
4325,2005
4326,2011
4327,1990
4328,1996
4329,1998
4330,2011
4331,2011
4332,2009
4333,2011
4334,1997
4335,2008
4336,2011
4337,1979
4338,2008
4339,2011
4340,2011
4341,1986
4342,2011
4343,1983
4344,2003
4345,2002
4346,1958
4347,1994
4348,1992
4349,1962
4350,1986
4351,1995
4352,1997
4353,1999
4354,2003
4355,1991
4356,1995
4357,1990
4358,1997
4359,1999
4360,1999
4361,1990
4362,2011
4363,1987
4364,1994
4365,1996
4366,2001
4367,2000
4368,2004
4369,2005
4370,1994
4371,1985
4372,1998
4373,1994
4374,1989
4375,1990
4376,2010
4377,1998
4378,2009
4379,2000
4380,2011
4381,1990
4382,1986
4383,2003
4384,1992
4385,2004
4386,1986
4387,1999
4388,1994
4389,2000
4390,2004
4391,2007
4392,2003
4393,1988
4394,1993
4395,1999
4396,1989
4397,2000
4398,2008
4399,2006
4400,2003
4401,1997
4402,1982
4403,1995
4404,2011
4405,2005
4406,2009
4407,1998
4408,1976
4409,1982
4410,1998
4411,2011
4412,1994
4413,2000
4414,1978
4415,1979
4416,1998
4417,1992
4418,2010
4419,1996
4420,1981
4421,1996
4422,1980
4423,1993
4424,2002
4425,1999
4426,2011
4427,2001
4428,1996
4429,2006
4430,2004
4431,1984
4432,1997
4433,2011
4434,1980
4435,1996
4436,1993
4437,2009
4438,2007
4439,2004
4440,1988
4441,1978
4442,2004
4443,2000
4444,2011
4445,2011
4446,1986
4447,1996
4448,1987
4449,1997
4450,2011
4451,1987
4452,1996
4453,2011
4454,1989
4455,2000
4456,1982
4457,1985
4458,2011
4459,1990
4460,1999
4461,2004
4462,2011
4463,1996
4464,1985
4465,1963
4466,1996
4467,1995
4468,1981
4469,1983
4470,2001
4471,2001
4472,1980
4473,2011
4474,2000
4475,2010
4476,1994
4477,1988
4478,1995
4479,2010
4480,2009
4481,2011
4482,1993
4483,2003
4484,2011
4485,2009
4486,1998
4487,1998
4488,1997
4489,1997
4490,2010
4491,2006
4492,2000
4493,2000
4494,1973
4495,2011
4496,2000
4497,1995
4498,2011
4499,2011
4500,1992
4501,2011
4502,2011
4503,1997
4504,1994
4505,1995
4506,1997
4507,2007
4508,1962
4509,1990
4510,1989
4511,1989
4512,1988
4513,1994
4514,2002
4515,1991
4516,2000
4517,2002
4518,1995
4519,1987
4520,1990
4521,1992
4522,2001
4523,1997
4524,2011
4525,2011
4526,1991
4527,1990
4528,1990
4529,1995
4530,1995
4531,2006
4532,1998
4533,1984
4534,2000
4535,1997
4536,2002
4537,1995
4538,2008
4539,1996
4540,1978
4541,1989
4542,1991
4543,1989
4544,2009
4545,1995
4546,1999
4547,1988
4548,2011
4549,2004
4550,2009
4551,1973
4552,1998
4553,2009
4554,1995
4555,1996
4556,2002
4557,1988
4558,1966
4559,2010
4560,2006
4561,1976
4562,1990
4563,1997
4564,1997
4565,2008
4566,1997
4567,2005
4568,1995
4569,2003
4570,2011
4571,1991
4572,2005
4573,2006
4574,1995
4575,1997
4576,2011
4577,2003
4578,1992
4579,1996
4580,1992
4581,2002
4582,2010
4583,1996
4584,2002
4585,1971
4586,1998
4587,1987
4588,1980
4589,2003
4590,1999
4591,1998
4592,2011
4593,1993
4594,1922
4595,2006
4596,1998
4597,2006
4598,2011
4599,1987
4600,1998
4601,2010
4602,1987
4603,2003
4604,1996
4605,2008
4606,2008
4607,2004
4608,2006
4609,2011
4610,2001
4611,1989
4612,1983
4613,1991
4614,2010
4615,2002
4616,2001
4617,2000
4618,1996
4619,2011
4620,2009
4621,1976
4622,1994
4623,2008
4624,1976
4625,1989
4626,2000
4627,2011
4628,2000
4629,2000
4630,1987
4631,2011
4632,1990
4633,2000
4634,2003
4635,2011
4636,1989
4637,1982
4638,1985
4639,2003
4640,1992
4641,2011
4642,1991
4643,1997
4644,1991
4645,1997
4646,2002
4647,1999
4648,2011
4649,2002
4650,1992
4651,1990
4652,1991
4653,1990
4654,2011
4655,2001
4656,2008
4657,1998
4658,1994
4659,2011
4660,1991
4661,1999
4662,1981
4663,2001
4664,1991
4665,2006
4666,1990
4667,2001
4668,2003
4669,1991
4670,2010
4671,2001
4672,2003
4673,1980
4674,1993
4675,2007
4676,1994
4677,1988
4678,1996
4679,2011
4680,1998
4681,1998
4682,2005
4683,1962
4684,1977
4685,2011
4686,2005
4687,1999
4688,2011
4689,2001
4690,2004
4691,1998
4692,1991
4693,2001
4694,2011
4695,1999
4696,1999
4697,1986
4698,2005
4699,1997
4700,2011
4701,2006
4702,1977
4703,2002
4704,2006
4705,2004
4706,1997
4707,1995
4708,1999
4709,1970
4710,1993
4711,2004
4712,1979
4713,2011
4714,1999
4715,2000
4716,1995
4717,2007
4718,1994
4719,2002
4720,2006
4721,1980
4722,2002
4723,1994
4724,2010
4725,2011
4726,1993
4727,2003
4728,2008
4729,2011
4730,2007
4731,1999
4732,2001
4733,1988
4734,2003
4735,2001
4736,1997
4737,2003
4738,1989
4739,1981
4740,1999
4741,1996
4742,2011
4743,2011
4744,1997
4745,2009
4746,2011
4747,1989
4748,1998
4749,1988
4750,2011
4751,2007
4752,2005
4753,1973
4754,2010
4755,2004
4756,1994
4757,1990
4758,2011
4759,2000
4760,2011
4761,2005
4762,1984
4763,1986
4764,2011
4765,1996
4766,2001
4767,2002
4768,2005
4769,1991
4770,2011
4771,2008
4772,1995
4773,1983
4774,2004
4775,1993
4776,1986
4777,1991
4778,1998
4779,2007
4780,2011
4781,1997
4782,2002
4783,1984
4784,2001
4785,1985
4786,1999
4787,2000
4788,2011
4789,1999
4790,1997
4791,2002
4792,1981
4793,1990
4794,1999
4795,2003
4796,1996
4797,2007
4798,2001
4799,1957
4800,1999
4801,2003
4802,2005
4803,1944
4804,2011
4805,1995
4806,2003
4807,2005
4808,1998
4809,2009
4810,2002
4811,2003
4812,1989
4813,1996
4814,2008
4815,2006
4816,2002
4817,1980
4818,2011
4819,2001
4820,2001
4821,2007
4822,2004
4823,2006
4824,2004
4825,1998
4826,1980
4827,1999
4828,1996
4829,2006
4830,1990
4831,2001
4832,1995
4833,2010
4834,1986
4835,1971
4836,1989
4837,2005
4838,2000
4839,2005
4840,1997
4841,2010
4842,2002
4843,1997
4844,1995
4845,2005
4846,2011
4847,2006
4848,1974
4849,2011
4850,2003
4851,2003
4852,1997
4853,2000
4854,1993
4855,1991
4856,1989
4857,1998
4858,1991
4859,2011
4860,1997
4861,1998
4862,2011
4863,1988
4864,2007
4865,1978
4866,2004
4867,2011
4868,1989
4869,2004
4870,2000
4871,2011
4872,1987
4873,2003
4874,1963
4875,1980
4876,1977
4877,2004
4878,2011
4879,1988
4880,1998
4881,2010
4882,2003
4883,1972
4884,1991
4885,1998
4886,1986
4887,2003
4888,2000
4889,1990
4890,2003
4891,1986
4892,1997
4893,2011
4894,2004
4895,2009
4896,2007
4897,2004
4898,2011
4899,1992
4900,2005
4901,2005
4902,1999
4903,1997
4904,2011
4905,1983
4906,2011
4907,1995
4908,2007
4909,1999
4910,2005
4911,2002
4912,2004
4913,1985
4914,2011
4915,1984
4916,1996
4917,1998
4918,1964
4919,2011
4920,1993
4921,1969
4922,2011
4923,1996
4924,2007
4925,2001
4926,2007
4927,1998
4928,1988
4929,2011
4930,1987
4931,2001
4932,1988
4933,1998
4934,1985
4935,1992
4936,1999
4937,2001
4938,2009
4939,2007
4940,1994
4941,2005
4942,1982
4943,2001
4944,1986
4945,2011
4946,2003
4947,1996
4948,1989
4949,2011
4950,1985
4951,2011
4952,2001
4953,2001
4954,1995
4955,2003
4956,1994
4957,1986
4958,2009
4959,1997
4960,1987
4961,2003
4962,2011
4963,1989
4964,1976
4965,1999
4966,1998
4967,2011
4968,1999
4969,2005
4970,2009
4971,1991
4972,2011
4973,2011
4974,2009
4975,1996
4976,1984
4977,2004
4978,1993
4979,2007
4980,1999
4981,1999
4982,2001
4983,2006
4984,2005
4985,1982
4986,2002
4987,1987
4988,1992
4989,1991
4990,2002
4991,1997
4992,1988
4993,1994
4994,2004
4995,1998
4996,1999
4997,2008
4998,1999
4999,1997
5000,1993
5001,1999
5002,1984
5003,1974
5004,1990
5005,2002
5006,1999
5007,2008
5008,1994
5009,2006
5010,1989
5011,1980
5012,2010
5013,2003
5014,1988
5015,1995
5016,1991
5017,2002
5018,2006
5019,2009
5020,1998
5021,1996
5022,1970
5023,1984
5024,1994
5025,1984
5026,1996
5027,1998
5028,1999
5029,1996
5030,2008
5031,1995
5032,2011
5033,1986
5034,1984
5035,2011
5036,1993
5037,1983
5038,1977
5039,2001
5040,1996
5041,2006
5042,2004
5043,2009
5044,1995
5045,2011
5046,1987
5047,2008
5048,2005
5049,1991
5050,1996
5051,1996
5052,1996
5053,1985
5054,2008
5055,1981
5056,2011
5057,2002
5058,1986
5059,1995
5060,1990
5061,1983
5062,2011
5063,2002
5064,1999
5065,2006
5066,1997
5067,1998
5068,2001
5069,1991
5070,2000
5071,2003
5072,2004
5073,2006
5074,2001
5075,1992
5076,1992
5077,1986
5078,1990
5079,1991
5080,1992
5081,2011
5082,1993
5083,1993
5084,2011
5085,1989
5086,1996
5087,2001
5088,1993
5089,2005
5090,1998
5091,1999
5092,2000
5093,2005
5094,1988
5095,2005
5096,1998
5097,1978
5098,2001
5099,1982
5100,2000
5101,1979
5102,2004
5103,2004
5104,2000
5105,2006
5106,2011
5107,1996
5108,2003
5109,2006
5110,1994
5111,2008
5112,1997
5113,2008
5114,2004
5115,1993
5116,2010
5117,2005
5118,1996
5119,2011
5120,2011
5121,1999
5122,1998
5123,1986
5124,1999
5125,1998
5126,1999
5127,2005
5128,1997
5129,2006
5130,1997
5131,1988
5132,1984
5133,1998
5134,1969
5135,2006
5136,1990
5137,1987
5138,2011
5139,1989
5140,1990
5141,2011
5142,1986
5143,2011
5144,1996
5145,2011
5146,1997
5147,2002
5148,1984
5149,1995
5150,2000
5151,1995
5152,1975
5153,2003
5154,1999
5155,2010
5156,1996
5157,2003
5158,2011
5159,2011
5160,1992
5161,2007
5162,1993
5163,1986
5164,1995
5165,1994
5166,1993
5167,2002
5168,1992
5169,1989
5170,1994
5171,2011
5172,2001
5173,2011
5174,1999
5175,1999
5176,2001
5177,2000
5178,2010
5179,2003
5180,2005
5181,2006
5182,2010
5183,1997
5184,2000
5185,1999
5186,1986
5187,1994
5188,2003
5189,1994
5190,1982
5191,1978
5192,1992
5193,2011
5194,1996
5195,1992
5196,1992
5197,2001
5198,1980
5199,2002
5200,1986
5201,2007
5202,2002
5203,2002
5204,2003
5205,1987
5206,1980
5207,2011
5208,2010
5209,1977
5210,2011
5211,1996
5212,1991
5213,1999
5214,2001
5215,2000
5216,2004
5217,2008
5218,1992
5219,1999
5220,1987
5221,2004
5222,2011
5223,2011
5224,2011
5225,2001
5226,1993
5227,1999
5228,2007
5229,1981
5230,2010
5231,1995
5232,1999
5233,1979
5234,1996
5235,2011
5236,1983
5237,1997
5238,2011
5239,1995
5240,1994
5241,1983
5242,2000
5243,1986
5244,2001
5245,2002
5246,2001
5247,2011
5248,1974
5249,2005
5250,1990
5251,1990
5252,2011
5253,1989
5254,1986
5255,1991
5256,2005
5257,2011
5258,2011
5259,1997
5260,1990
5261,2010
5262,1995
5263,2003
5264,1998
5265,2002
5266,1991
5267,2009
5268,2011
5269,1983
5270,1992
5271,1990
5272,2011
5273,1987
5274,2005
5275,1993
5276,2011
5277,1975
5278,1985
5279,2001
5280,2004
5281,2008
5282,1992
5283,2001
5284,2006
5285,1992
5286,1998
5287,1991
5288,2002
5289,1984
5290,1990
5291,2009
5292,2010
5293,2007
5294,1999
5295,2003
5296,1997
5297,2011
5298,1999
5299,1951
5300,1992
5301,1998
5302,2011
5303,2011
5304,2009
5305,2011
5306,1997
5307,1999
5308,1990
5309,1994
5310,2011
5311,1998
5312,1993
5313,1984
5314,1994
5315,1996
5316,1990
5317,2002
5318,1994
5319,1992
5320,1997
5321,1994
5322,1991
5323,2002
5324,2005
5325,2005
5326,1977
5327,2006
5328,2001
5329,2002
5330,2004
5331,1986
5332,2006
5333,1999
5334,1994
5335,2011
5336,2003
5337,2002
5338,2010
5339,2000
5340,1986
5341,1978
5342,2006
5343,2001
5344,2011
5345,2007
5346,2001
5347,1985
5348,2007
5349,2001
5350,1998
5351,1989
5352,1993
5353,1993
5354,2011
5355,1988
5356,2001
5357,2011
5358,2011
5359,1996
5360,1998
5361,2001
5362,2001
5363,2003
5364,2002
5365,1986
5366,2004
5367,2004
5368,2003
5369,1992
5370,1993
5371,2000
5372,2011
5373,2011
5374,2002
5375,2011
5376,2004
5377,2006
5378,2002
5379,2010
5380,2001
5381,2011
5382,1986
5383,1990
5384,1986
5385,2011
5386,1991
5387,1994
5388,2005
5389,1991
5390,2011
5391,2000
5392,2004
5393,1990
5394,2005
5395,2002
5396,2006
5397,2000
5398,1993
5399,1994
5400,2011
5401,2011
5402,1986
5403,1991
5404,1951
5405,2007
5406,1988
5407,2011
5408,1998
5409,1999
5410,1987
5411,2001
5412,2006
5413,1999
5414,1998
5415,2011
5416,1999
5417,2009
5418,1995
5419,2011
5420,2011
5421,1978
5422,2003
5423,1993
5424,2006
5425,2011
5426,1995
5427,2007
5428,1973
5429,2007
5430,2005
5431,1999
5432,2004
5433,2007
5434,1990
5435,1990
5436,1997
5437,1999
5438,1996
5439,1987
5440,1982
5441,2011
5442,1995
5443,2000
5444,1990
5445,1999
5446,1992
5447,2004
5448,1993
5449,2011
5450,1996
5451,1983
5452,1991
5453,2011
5454,1985
5455,2010
5456,1973
5457,1984
5458,2008
5459,2004
5460,2001
5461,1996
5462,1999
5463,2008
5464,1991
5465,2005
5466,1989
5467,2011
5468,2011
5469,2011
5470,1986
5471,1999
5472,1997
5473,1983
5474,2002
5475,2003
5476,2001
5477,1977
5478,1997
5479,2011
5480,1996
5481,2005
5482,1986
5483,2000
5484,2011
5485,1999
5486,1996
5487,1989
5488,2005
5489,2007
5490,2005
5491,2007
5492,1989
5493,2001
5494,2010
5495,2000
5496,1998
5497,2002
5498,2011
5499,2006
5500,1978
5501,1994
5502,1998
5503,1993
5504,1992
5505,1996
5506,1997
5507,2001
5508,1997
5509,1987
5510,1990
5511,1989
5512,2011
5513,2010
5514,1984
5515,2003
5516,1987
5517,1988
5518,2003
5519,2007
5520,2004
5521,1983
5522,2001
5523,1975
5524,1997
5525,2009
5526,2002
5527,2000
5528,2011
5529,1980
5530,2005
5531,2007
5532,1998
5533,1989
5534,1983
5535,2005
5536,2011
5537,2008
5538,1997
5539,1993
5540,1997
5541,1993
5542,2011
5543,1999
5544,2000
5545,2011
5546,1999
5547,1994
5548,1998
5549,1987
5550,2011
5551,2000
5552,1994
5553,2011
5554,2009
5555,2003
5556,2009
5557,2010
5558,1995
5559,1996
5560,2011
5561,1992
5562,1998
5563,2005
5564,1989
5565,1985
5566,1990
5567,2003
5568,2011
5569,2008
5570,1996
5571,2011
5572,2011
5573,1995
5574,1995
5575,2006
5576,2001
5577,2007
5578,2011
5579,1983
5580,2005
5581,2011
5582,2011
5583,2001
5584,1999
5585,1997
5586,2006
5587,2000
5588,1981
5589,2002
5590,2002
5591,1992
5592,1995
5593,2001
5594,2010
5595,1994
5596,1994
5597,1999
5598,2000
5599,1979
5600,2002
5601,1999
5602,2003
5603,1976
5604,1990
5605,2004
5606,2006
5607,1998
5608,2002
5609,1986
5610,2000
5611,2006
5612,2007
5613,1986
5614,2011
5615,1990
5616,1990
5617,1997
5618,1997
5619,2011
5620,1996
5621,2010
5622,1999
5623,1975
5624,1999
5625,2002
5626,2011
5627,1995
5628,2000
5629,1998
5630,1982
5631,2011
5632,2005
5633,2001
5634,1997
5635,1982
5636,1995
5637,2005
5638,2011
5639,1993
5640,1999
5641,1978
5642,2011
5643,2009
5644,2002
5645,2009
5646,2005
5647,2004
5648,1987
5649,1988
5650,1964
5651,2011
5652,1985
5653,1997
5654,2001
5655,2011
5656,1996
5657,2005
5658,2005
5659,2004
5660,1988
5661,1989
5662,2011
5663,2011
5664,2005
5665,1995
5666,1996
5667,2011
5668,1996
5669,2008
5670,1995
5671,2011
5672,1991
5673,2000
5674,2011
5675,1999
5676,1995
5677,2002
5678,1998
5679,1998
5680,1983
5681,1996
5682,1995
5683,2001
5684,2002
5685,1992
5686,1990
5687,2004
5688,2011
5689,1990
5690,2011
5691,1988
5692,2008
5693,2005
5694,1982
5695,1961
5696,2002
5697,1990
5698,2011
5699,1999
5700,1993
5701,1986
5702,2002
5703,1989
5704,2004
5705,2004
5706,1985
5707,1998
5708,2002
5709,2008
5710,2003
5711,1988
5712,1982
5713,2010
5714,2000
5715,2004
5716,2002
5717,1999
5718,2003
5719,1995
5720,1985
5721,1994
5722,2003
5723,2001
5724,1995
5725,2006
5726,2011
5727,2002
5728,1994
5729,2005
5730,1994
5731,2011
5732,1984
5733,2011
5734,2011
5735,2001
5736,2001
5737,1993
5738,1983
5739,1982
5740,1993
5741,1985
5742,1998
5743,2008
5744,1984
5745,1997
5746,2011
5747,1999
5748,1997
5749,1977
5750,2009
5751,2011
5752,1998
5753,2002
5754,2011
5755,1997
5756,2011
5757,1992
5758,2006
5759,1985
5760,1988
5761,2006
5762,1991
5763,1981
5764,1996
5765,2004
5766,2001
5767,2008
5768,1990
5769,2005
5770,2000
5771,1976
5772,1975
5773,2005
5774,2006
5775,2008
5776,1991
5777,2011
5778,1998
5779,2011
5780,1995
5781,1986
5782,1980
5783,1972
5784,1992
5785,2001
5786,1977
5787,2009
5788,2007
5789,1996
5790,2011
5791,1993
5792,1988
5793,1989
5794,2007
5795,1991
5796,1993
5797,1993
5798,2011
5799,1996
5800,1999
5801,2008
5802,2001
5803,1984
5804,2011
5805,1992
5806,2005
5807,2002
5808,1998
5809,2006
5810,1995
5811,1994
5812,1986
5813,1994
5814,1998
5815,1993
5816,1983
5817,1981
5818,1996
5819,1984
5820,2001
5821,1989
5822,1991
5823,1991
5824,1997
5825,2007
5826,2000
5827,2001
5828,1994
5829,2003
5830,1983
5831,1999
5832,2002
5833,1993
5834,2005
5835,2006
5836,1976
5837,1988
5838,2001
5839,1996
5840,1986
5841,1996
5842,1996
5843,1995
5844,2001
5845,2010
5846,2002
5847,2004
5848,1993
5849,2009
5850,1986
5851,1999
5852,1997
5853,2006
5854,2011
5855,1980
5856,2000
5857,1963
5858,1964
5859,1999
5860,1989
5861,2011
5862,1999
5863,1998
5864,1995
5865,2008
5866,2003
5867,1983
5868,2011
5869,2007
5870,2003
5871,2011
5872,1999
5873,2010
5874,2004
5875,2007
5876,2003
5877,1985
5878,1983
5879,1971
5880,2007
5881,1976
5882,1994
5883,1994
5884,1984
5885,2005
5886,2008
5887,1996
5888,2011
5889,2001
5890,2011
5891,1997
5892,1992
5893,1987
5894,2003
5895,1996
5896,2010
5897,2004
5898,1999
5899,2000
5900,1998
5901,1999
5902,1992
5903,1999
5904,2005
5905,2010
5906,1995
5907,2011
5908,1995
5909,2011
5910,1997
5911,1995
5912,1990
5913,2006
5914,1997
5915,1987
5916,1978
5917,2006
5918,2009
5919,2000
5920,2010
5921,1989
5922,1991
5923,1997
5924,1998
5925,2006
5926,2011
5927,2008
5928,2000
5929,1993
5930,1999
5931,1996
5932,2011
5933,1998
5934,1987
5935,2011
5936,1999
5937,2002
5938,1985
5939,1980
5940,1982
5941,2005
5942,1994
5943,2011
5944,1989
5945,1977
5946,1992
5947,1991
5948,2004
5949,1998
5950,2007
5951,1992
5952,2011
5953,1990
5954,1992
5955,1994
5956,1998
5957,1981
5958,2001
5959,2011
5960,2002
5961,2011
5962,1993
5963,1977
5964,2006
5965,1996
5966,2011
5967,1987
5968,2005
5969,2006
5970,2005
5971,1991
5972,1989
5973,2002
5974,2011
5975,2000
5976,1998
5977,2002
5978,1986
5979,1997
5980,2011
5981,1997
5982,1998
5983,1981
5984,2001
5985,2001
5986,1984
5987,1998
5988,2005
5989,1997
5990,1993
5991,1987
5992,2002
5993,1999
5994,1998
5995,2000
5996,2000
5997,2002
5998,2004
5999,2002
6000,1997
6001,1993
6002,2002
6003,2005
6004,1974
6005,2003
6006,2006
6007,2004
6008,2004
6009,1998
6010,1996
6011,2002
6012,2005
6013,1995
6014,1974
6015,1998
6016,2011
6017,1999
6018,1992
6019,1998
6020,1992
6021,2011
6022,1982
6023,1998
6024,2011
6025,1998
6026,1999
6027,1984
6028,1994
6029,1999
6030,1986
6031,1999
6032,1993
6033,1994
6034,1993
6035,2003
6036,1994
6037,1992
6038,1984
6039,2007
6040,1999
6041,2003
6042,1993
6043,2006
6044,1990
6045,2007
6046,1996
6047,1987
6048,1967
6049,2008
6050,1982
6051,2004
6052,2006
6053,1972
6054,2008
6055,1986
6056,1978
6057,2011
6058,1992
6059,1974
6060,1993
6061,1988
6062,2011
6063,1993
6064,2011
6065,1984
6066,2003
6067,1995
6068,2007
6069,1987
6070,2011
6071,1996
6072,1994
6073,1965
6074,1996
6075,1991
6076,1997
6077,1995
6078,2002
6079,2003
6080,2003
6081,1994
6082,2009
6083,2002
6084,1994
6085,1995
6086,1987
6087,1994
6088,1986
6089,2001
6090,2011
6091,2009
6092,2004
6093,1994
6094,2000
6095,2011
6096,1997
6097,2003
6098,1970
6099,1994
6100,2010
6101,1975
6102,2003
6103,1999
6104,1991
6105,2007
6106,2006
6107,2003
6108,2008
6109,1982
6110,1993
6111,1993
6112,2009
6113,1983
6114,1988
6115,2005
6116,1989
6117,1998
6118,1997
6119,2011
6120,2011
6121,2001
6122,2010
6123,2011
6124,1989
6125,2006
6126,1993
6127,2007
6128,2009
6129,1978
6130,1988
6131,2007
6132,1968
6133,2011
6134,2002
6135,1990
6136,2009
6137,2008
6138,2011
6139,2011
6140,1972
6141,1989
6142,1987
6143,2011
6144,1989
6145,1999
6146,1991
6147,2005
6148,1990
6149,1990
6150,2003
6151,1989
6152,1995
6153,2011
6154,1998
6155,2007
6156,2005
6157,2011
6158,1986
6159,1993
6160,1992
6161,2007
6162,1990
6163,1997
6164,1978
6165,1996
6166,2000
6167,1983
6168,1997
6169,2011
6170,1988
6171,1985
6172,1993
6173,1990
6174,1988
6175,1998
6176,2003
6177,1978
6178,1998
6179,1999
6180,1994
6181,1998
6182,1990
6183,2000
6184,1999
6185,1999
6186,2003
6187,2002
6188,2011
6189,1988
6190,1993
6191,2001
6192,1984
6193,1990
6194,2011
6195,1996
6196,1986
6197,1987
6198,1989
6199,1987
6200,2005
6201,2004
6202,1999
6203,1970
6204,1999
6205,1993
6206,1993
6207,2008
6208,2002
6209,1998
6210,1984
6211,2006
6212,1991
6213,2002
6214,1997
6215,1992
6216,1984
6217,2003
6218,1992
6219,1979
6220,2011
6221,1987
6222,2006
6223,2011
6224,1991
6225,1981
6226,1989
6227,1990
6228,1995
6229,1994
6230,1991
6231,1976
6232,1988
6233,1981
6234,1988
6235,1989
6236,1987
6237,1969
6238,1982
6239,1996
6240,1982
6241,1994
6242,2003
6243,1981
6244,2009
6245,1995
6246,2008
6247,1987
6248,2003
6249,2006
6250,2001
6251,1969
6252,1981
6253,1990
6254,2004
6255,1991
6256,2011
6257,2003
6258,2011
6259,2001
6260,2011
6261,1997
6262,2011
6263,2000
6264,1985
6265,2003
6266,2001
6267,2011
6268,1986
6269,1976
6270,1993
6271,1996
6272,2003
6273,2011
6274,2004
6275,1992
6276,1985
6277,1982
6278,1979
6279,1991
6280,2005
6281,1997
6282,1986
6283,1997
6284,1996
6285,1995
6286,1999
6287,1999
6288,2008
6289,1997
6290,1998
6291,1992
6292,2006
6293,1991
6294,2000
6295,2004
6296,1998
6297,1997
6298,2002
6299,1987
6300,1990
6301,1995
6302,2009
6303,2000
6304,2004
6305,1975
6306,2004
6307,1991
6308,1988
6309,1999
6310,2004
6311,2003
6312,2004
6313,2002
6314,1977
6315,2011
6316,2006
6317,1983
6318,2003
6319,1983
6320,1984
6321,1995
6322,2002
6323,2011
6324,2011
6325,2000
6326,2004
6327,1989
6328,2000
6329,2011
6330,2000
6331,1993
6332,1992
6333,1991
6334,1998
6335,2009
6336,1997
6337,2009
6338,2001
6339,2000
6340,1998
6341,1985
6342,2010
6343,2004
6344,1982
6345,1987
6346,2004
6347,1982
6348,2001
6349,2000
6350,1983
6351,2002
6352,1991
6353,1979
6354,2002
6355,2010
6356,2002
6357,1997
6358,1990
6359,1958
6360,2011
6361,1993
6362,1992
6363,1997
6364,2000
6365,1989
6366,2003
6367,2011
6368,1993
6369,1995
6370,2003
6371,2002
6372,2011
6373,1980
6374,2001
6375,2008
6376,1993
6377,1969
6378,2001
6379,2011
6380,2005
6381,2011
6382,2011
6383,1988
6384,1991
6385,2002
6386,1987
6387,2008
6388,1986
6389,1980
6390,1989
6391,2001
6392,1984
6393,1972
6394,2001
6395,1994
6396,1989
6397,1966
6398,1981
6399,2011
6400,2011
6401,2011
6402,2011
6403,1995
6404,1996
6405,1987
6406,2011
6407,1983
6408,2008
6409,2006
6410,1992
6411,1980
6412,1994
6413,1979
6414,2002
6415,1999
6416,2005
6417,2005
6418,1996
6419,1991
6420,2003
6421,1998
6422,2006
6423,2011
6424,1997
6425,1994
6426,1999
6427,2002
6428,1994
6429,2000
6430,1986
6431,1984
6432,1997
6433,1988
6434,1992
6435,1996
6436,2003
6437,1993
6438,1997
6439,1992
6440,2002
6441,1994
6442,2004
6443,2006
6444,1982
6445,2011
6446,1979
6447,1998
6448,1995
6449,1983
6450,2004
6451,2003
6452,1986
6453,2010
6454,2004
6455,2006
6456,2011
6457,1982
6458,1986
6459,1991
6460,2003
6461,2001
6462,1993
6463,2011
6464,1973
6465,1995
6466,1990
6467,1999
6468,1980
6469,1978
6470,1995
6471,1980
6472,1978
6473,1992
6474,1999
6475,2009
6476,2003
6477,2002
6478,2011
6479,1995
6480,1990
6481,2000
6482,2007
6483,2000
6484,2011
6485,2010
6486,2001
6487,2001
6488,2005
6489,2005
6490,1991
6491,2004
6492,2003
6493,2001
6494,1993
6495,2001
6496,2008
6497,2008
6498,2011
6499,1994
6500,1996
6501,2011
6502,1989
6503,1992
6504,1971
6505,1997
6506,2002
6507,2010
6508,1996
6509,2001
6510,1995
6511,1984
6512,1995
6513,2011
6514,1995
6515,1999
6516,2011
6517,2007
6518,2006
6519,1990
6520,1989
6521,1997
6522,1997
6523,1983
6524,1998
6525,2011
6526,2003
6527,1988
6528,1999
6529,2011
6530,2010
6531,1991
6532,1981
6533,2007
6534,1991
6535,2003
6536,2009
6537,1997
6538,1999
6539,1990
6540,1975
6541,2005
6542,2001
6543,1968
6544,2011
6545,2008
6546,1995
6547,2005
6548,1984
6549,1994
6550,1991
6551,2003
6552,2004
6553,2004
6554,1995
6555,2011
6556,2001
6557,1970
6558,1994
6559,1996
6560,2005
6561,2002
6562,1998
6563,1997
6564,1992
6565,1973
6566,1977
6567,2010
6568,1991
6569,2009
6570,2011
6571,1992
6572,2008
6573,1995
6574,2005
6575,2000
6576,2011
6577,2007
6578,2007
6579,1996
6580,2011
6581,2009
6582,2003
6583,1998
6584,2000
6585,1994
6586,2001
6587,2004
6588,2001
6589,1993
6590,2007
6591,2001
6592,2003
6593,1995
6594,1990
6595,1994
6596,1992
6597,1996
6598,1990
6599,2010
6600,2011
6601,1994
6602,1991
6603,1992
6604,1991
6605,1992
6606,1987
6607,1996
6608,1999
6609,2001
6610,1991
6611,2003
6612,1985
6613,1985
6614,1998
6615,2004
6616,1994
6617,1983
6618,1997
6619,2007
6620,2003
6621,1998
6622,2004
6623,1984
6624,2011
6625,1994
6626,2011
6627,2011
6628,1999
6629,2011
6630,1992
6631,2005
6632,2007
6633,2001
6634,1992
6635,2001
6636,2006
6637,1993
6638,2003
6639,2011
6640,2004
6641,1975
6642,2011
6643,2000
6644,1999
6645,2002
6646,1988
6647,1996
6648,2000
6649,2009
6650,2005
6651,2011
6652,2005
6653,1998
6654,1965
6655,1997
6656,1992
6657,2009
6658,1989
6659,2002
6660,1999
6661,1999
6662,1991
6663,1984
6664,2000
6665,1994
6666,1995
6667,2004
6668,2011
6669,2011
6670,1987
6671,1998
6672,1991
6673,2002
6674,2000
6675,1994
6676,2004
6677,2000
6678,2008
6679,2005
6680,1994
6681,1979
6682,2007
6683,1999
6684,2004
6685,2010
6686,1975
6687,2005
6688,1973
6689,2011
6690,1999
6691,2011
6692,2002
6693,2002
6694,2011
6695,1987
6696,2004
6697,1997
6698,1979
6699,2011
6700,2004
6701,1988
6702,2000
6703,2002
6704,2011
6705,1984
6706,2003
6707,2008
6708,1993
6709,2001
6710,1996
6711,1979
6712,2002
6713,2004
6714,1994
6715,2009
6716,2009
6717,1975
6718,2011
6719,1965
6720,2005
6721,1987
6722,1994
6723,1993
6724,1988
6725,2010
6726,2004
6727,2011
6728,2004
6729,1989
6730,1992
6731,1995
6732,1991
6733,1994
6734,2003
6735,2011
6736,2000
6737,2002
6738,2011
6739,2002
6740,2001
6741,1991
6742,2011
6743,1998
6744,2000
6745,1995
6746,1992
6747,2006
6748,2002
6749,1991
6750,1998
6751,2004
6752,1990
6753,1989
6754,1987
6755,1972
6756,1988
6757,2003
6758,2001
6759,1994
6760,2007
6761,1994
6762,1991
6763,2011
6764,1989
6765,2005
6766,1984
6767,2007
6768,1993
6769,2003
6770,1983
6771,2009
6772,1997
6773,2002
6774,1978
6775,1998
6776,1967
6777,2011
6778,1993
6779,2011
6780,2011
6781,1977
6782,2007
6783,1990
6784,1987
6785,2005
6786,1994
6787,2000
6788,1993
6789,1978
6790,1974
6791,2002
6792,1999
6793,2011
6794,2002
6795,2004
6796,1991
6797,1999
6798,2011
6799,1994
6800,1999
6801,2006
6802,1997
6803,2003
6804,1983
6805,1998
6806,1999
6807,1990
6808,1987
6809,2011
6810,2005
6811,1999
6812,2003
6813,2011
6814,2001
6815,2001
6816,1991
6817,1986
6818,1990
6819,1994
6820,1986
6821,1995
6822,1981
6823,2009
6824,1997
6825,2001
6826,1964
6827,1983
6828,1993
6829,2008
6830,1994
6831,1998
6832,1994
6833,1992
6834,1985
6835,1977
6836,1993
6837,2002
6838,2006
6839,2011
6840,1982
6841,2005
6842,2004
6843,2011
6844,1980
6845,1987
6846,2011
6847,2005
6848,1978
6849,1996
6850,1994
6851,1979
6852,1995
6853,2004
6854,2006
6855,1992
6856,2009
6857,2001
6858,1998
6859,1992
6860,2011
6861,1978
6862,1999
6863,1990
6864,1994
6865,2005
6866,1998
6867,1992
6868,1990
6869,2007
6870,1996
6871,2007
6872,1980
6873,1998
6874,1999
6875,1997
6876,2006
6877,1995
6878,2010
6879,2008
6880,1990
6881,1992
6882,2002
6883,1988
6884,2007
6885,2009
6886,2003
6887,2011
6888,1988
6889,2011
6890,2007
6891,2007
6892,1992
6893,2002
6894,2010
6895,2002
6896,1975
6897,1988
6898,1997
6899,1997
6900,2011
6901,1997
6902,2007
6903,1994
6904,2011
6905,1989
6906,2007
6907,1998
6908,2008
6909,2011
6910,2006
6911,1995
6912,1998
6913,1996
6914,2000
6915,1996
6916,1988
6917,1995
6918,2009
6919,2006
6920,1985
6921,1980
6922,1994
6923,2001
6924,2007
6925,2007
6926,2010
6927,1985
6928,1997
6929,1981
6930,2000
6931,2007
6932,1973
6933,1988
6934,2000
6935,1991
6936,2000
6937,1985
6938,2011
6939,2011
6940,1999
6941,1996
6942,2007
6943,2000
6944,1980
6945,2000
6946,1989
6947,1984
6948,1991
6949,1958
6950,2004
6951,2008
6952,2011
6953,1988
6954,1975
6955,2002
6956,1998
6957,2001
6958,2011
6959,1999
6960,2007
6961,1986
6962,1995
6963,2003
6964,1994
6965,2009
6966,1997
6967,1996
6968,2001
6969,1999
6970,2011
6971,1995
6972,2008
6973,1991
6974,2005
6975,1970
6976,2009
6977,2003
6978,1964
6979,2000
6980,1976
6981,2004
6982,1999
6983,2004
6984,1998
6985,2011
6986,1984
6987,1995
6988,2008
6989,2002
6990,2007
6991,1987
6992,1995
6993,1990
6994,2009
6995,1969
6996,1986
6997,1991
6998,2007
6999,1992
7000,2008
7001,1994
7002,1994
7003,1994
7004,1993
7005,2011
7006,1998
7007,1977
7008,1993
7009,1973
7010,2000
7011,2003
7012,1986
7013,2006
7014,1979
7015,1999
7016,1992
7017,1995
7018,1958
7019,1988
7020,2003
7021,1997
7022,1973
7023,1992
7024,2011
7025,1984
7026,1992
7027,2002
7028,1990
7029,1993
7030,1995
7031,2011
7032,1997
7033,2000
7034,2006
7035,1995
7036,2007
7037,1976
7038,1991
7039,1999
7040,1995
7041,2011
7042,1978
7043,1991
7044,2000
7045,2011
7046,1988
7047,1980
7048,1991
7049,2000
7050,1995
7051,2004
7052,1995
7053,2011
7054,1992
7055,1997
7056,2003
7057,1990
7058,2009
7059,1985
7060,1996
7061,1993
7062,1978
7063,1984
7064,2004
7065,2003
7066,2010
7067,2003
7068,1998
7069,2009
7070,2011
7071,1984
7072,1998
7073,1985
7074,1982
7075,2002
7076,2003
7077,2002
7078,1999
7079,1992
7080,1978
7081,2011
7082,2002
7083,1973
7084,2003
7085,2004
7086,1994
7087,2011
7088,2011
7089,1993
7090,1981
7091,2010
7092,1999
7093,2001
7094,2004
7095,1983
7096,2004
7097,2005
7098,1997
7099,2009
7100,2007
7101,1994
7102,1997
7103,1994
7104,1990
7105,2000
7106,1998
7107,1996
7108,2010
7109,2000
7110,2011
7111,1995
7112,2011
7113,2004
7114,2007
7115,1989
7116,1997
7117,1997
7118,1998
7119,1991
7120,1986
7121,1979
7122,2005
7123,2001
7124,1988
7125,2003
7126,2011
7127,1995
7128,1991
7129,1992
7130,1997
7131,2011
7132,1987
7133,2001
7134,2001
7135,1999
7136,1999
7137,1998
7138,2011
7139,1989
7140,1984
7141,2000
7142,2003
7143,2011
7144,1988
7145,2006
7146,2011
7147,1996
7148,2011
7149,1984
7150,2011
7151,1994
7152,1992
7153,2003
7154,1987
7155,2000
7156,2002
7157,2003
7158,2002
7159,1998
7160,1982
7161,1967
7162,2009
7163,1996
7164,1998
7165,1998
7166,2004
7167,1998
7168,1979
7169,2004
7170,2011
7171,2007
7172,1999
7173,2005
7174,2007
7175,1992
7176,1990
7177,2001
7178,1994
7179,1999
7180,2003
7181,1995
7182,2000
7183,1984
7184,2011
7185,2002
7186,2010
7187,2000
7188,1999
7189,2001
7190,1980
7191,2008
7192,2005
7193,1997
7194,2003
7195,1986
7196,1993
7197,1995
7198,1985
7199,2002
7200,2008
7201,2011
7202,2011
7203,1996
7204,2011
7205,1998
7206,2011
7207,2011
7208,1996
7209,1986
7210,2009
7211,2006
7212,1998
7213,1995
7214,2011
7215,1992
7216,2011
7217,2001
7218,2009
7219,1996
7220,1999
7221,1996
7222,2004
7223,1986
7224,1993
7225,2008
7226,1990
7227,1994
7228,1997
7229,2002
7230,1985
7231,1994
7232,2003
7233,1997
7234,2008
7235,1990
7236,1997
7237,2011
7238,2000
7239,1975
7240,1987
7241,1989
7242,2011
7243,2007
7244,2010
7245,1975
7246,1984
7247,2005
7248,2011
7249,2008
7250,1988
7251,1998
7252,1991
7253,2010
7254,1998
7255,1967
7256,1992
7257,2006
7258,2003
7259,2003
7260,2000
7261,1998
7262,2011
7263,2002
7264,1995
7265,1984
7266,1998
7267,1988
7268,1995
7269,2011
7270,2002
7271,1993
7272,2002
7273,2006
7274,2006
7275,1992
7276,1959
7277,2005
7278,1997
7279,1992
7280,1991
7281,2011
7282,1999
7283,1990
7284,2008
7285,2001
7286,2003
7287,1989
7288,2011
7289,1974
7290,1990
7291,2002
7292,2011
7293,2000
7294,1995
7295,2006
7296,2007
7297,1988
7298,1969
7299,2002
7300,2000
7301,1999
7302,2000
7303,1997
7304,2001
7305,2009
7306,1995
7307,1988
7308,1986
7309,1992
7310,2002
7311,1986
7312,1996
7313,2011
7314,2009
7315,1987
7316,1997
7317,2011
7318,1997
7319,1962
7320,2011
7321,2002
7322,1983
7323,2001
7324,2011
7325,2004
7326,2002
7327,2001
7328,2004
7329,2002
7330,1989
7331,2004
7332,1959
7333,1998
7334,1990
7335,1988
7336,1993
7337,2009
7338,2011
7339,1996
7340,2011
7341,1997
7342,1982
7343,1996
7344,1986
7345,1994
7346,1993
7347,2011
7348,2011
7349,2003
7350,2008
7351,1983
7352,2011
7353,1991
7354,2004
7355,1990
7356,2007
7357,2010
7358,2005
7359,1991
7360,2003
7361,1998
7362,2010
7363,1989
7364,1998
7365,1972
7366,1993
7367,1992
7368,2002
7369,1997
7370,2004
7371,1993
7372,1998
7373,1987
7374,1995
7375,1997
7376,1974
7377,2011
7378,2011
7379,2004
7380,2008
7381,2004
7382,2000
7383,1971
7384,2005
7385,2011
7386,1994
7387,2003
7388,1992
7389,2011
7390,2004
7391,1997
7392,2006
7393,1992
7394,2002
7395,2010
7396,2011
7397,1988
7398,1996
7399,1963
7400,2002
7401,1983
7402,2011
7403,1965
7404,1997
7405,2002
7406,1995
7407,1990
7408,1982
7409,1990
7410,2011
7411,1960
7412,1998
7413,1992
7414,1999
7415,2008
7416,1984
7417,1992
7418,2006
7419,2000
7420,2008
7421,2011
7422,2011
7423,2006
7424,1991
7425,1974
7426,2011
7427,1971
7428,1986
7429,1997
7430,1994
7431,1988
7432,2008
7433,2011
7434,2007
7435,2004
7436,1956
7437,1997
7438,1997
7439,2001
7440,2009
7441,2000
7442,1991
7443,1990
7444,2011
7445,1996
7446,2008
7447,2011
7448,2007
7449,2007
7450,1979
7451,2011
7452,1986
7453,1986
7454,1987
7455,1977
7456,1992
7457,1996
7458,2001
7459,1996
7460,2004
7461,2003
7462,2011
7463,2008
7464,1996
7465,2001
7466,1994
7467,1988
7468,2011
7469,1985
7470,2005
7471,1999
7472,2009
7473,1995
7474,2005
7475,1969
7476,2011
7477,2000
7478,1992
7479,1996
7480,2005
7481,1985
7482,2011
7483,2003
7484,2011
7485,1996
7486,1985
7487,2011
7488,2001
7489,1983
7490,1991
7491,2007
7492,1989
7493,2010
7494,1974
7495,1996
7496,2011
7497,1992
7498,2005
7499,2000
7500,1964
7501,1995
7502,2000
7503,1983
7504,1989
7505,2011
7506,2011
7507,2001
7508,1999
7509,2011
7510,1989
7511,1998
7512,1969
7513,1987
7514,1986
7515,1989
7516,2004
7517,2000
7518,2003
7519,2004
7520,2007
7521,2011
7522,1989
7523,1999
7524,2011
7525,2009
7526,2011
7527,2007
7528,2011
7529,2003
7530,1995
7531,2000
7532,1997
7533,2001
7534,1996
7535,1995
7536,1997
7537,2004
7538,2007
7539,2007
7540,2001
7541,1999
7542,2006
7543,1999
7544,1977
7545,1997
7546,1980
7547,2008
7548,1985
7549,2007
7550,2010
7551,2000
7552,1998
7553,1977
7554,2004
7555,1996
7556,1998
7557,1977
7558,2002
7559,2001
7560,1997
7561,1994
7562,1992
7563,1996
7564,1975
7565,1996
7566,1998
7567,1996
7568,2011
7569,2006
7570,2004
7571,2000
7572,2006
7573,1999
7574,2006
7575,1993
7576,1998
7577,1985
7578,1993
7579,1986
7580,2011
7581,1978
7582,2011
7583,2011
7584,1994
7585,1978
7586,2006
7587,1975
7588,2004
7589,2000
7590,2007
7591,2000
7592,2006
7593,1990
7594,2006
7595,1992
7596,2007
7597,1989
7598,1973
7599,1999
7600,1987
7601,2003
7602,1988
7603,1995
7604,2004
7605,1997
7606,1997
7607,1983
7608,1991
7609,2003
7610,1987
7611,1997
7612,1984
7613,1985
7614,2004
7615,1990
7616,2001
7617,2011
7618,2000
7619,1991
7620,1996
7621,2007
7622,2003
7623,2011
7624,1979
7625,2002
7626,2008
7627,2011
7628,2009
7629,2007
7630,1987
7631,1997
7632,1989
7633,1960
7634,2001
7635,2003
7636,1992
7637,1987
7638,1985
7639,2011
7640,1990
7641,2001
7642,2011
7643,2000
7644,1985
7645,2011
7646,1992
7647,1997
7648,1996
7649,2011
7650,2005
7651,1998
7652,1996
7653,2006
7654,1997
7655,1996
7656,1997
7657,2001
7658,2002
7659,1999
7660,1995
7661,1978
7662,1996
7663,1998
7664,1993
7665,2000
7666,2000
7667,2002
7668,1993
7669,1992
7670,1995
7671,2011
7672,1998
7673,2000
7674,2005
7675,1993
7676,1998
7677,2004
7678,2006
7679,1997
7680,1983
7681,1984
7682,1997
7683,1992
7684,1980
7685,1984
7686,2007
7687,2008
7688,2011
7689,2001
7690,1993
7691,2003
7692,1983
7693,1997
7694,1997
7695,2002
7696,1996
7697,2001
7698,1994
7699,1982
7700,2004
7701,1994
7702,1995
7703,1993
7704,1999
7705,1996
7706,1994
7707,1983
7708,2001
7709,1998
7710,1993
7711,1995
7712,2003
7713,2011
7714,1995
7715,1987
7716,2003
7717,2008
7718,2007
7719,2008
7720,1979
7721,2004
7722,2009
7723,1960
7724,1999
7725,1998
7726,1993
7727,1989
7728,2006
7729,1972
7730,1995
7731,1980
7732,2011
7733,1997
7734,2011
7735,1996
7736,2001
7737,1979
7738,1974
7739,1994
7740,2001
7741,1986
7742,1979
7743,2002
7744,1985
7745,1982
7746,2010
7747,2002
7748,2011
7749,2009
7750,2001
7751,1999
7752,1982
7753,2002
7754,1994
7755,1996
7756,1999
7757,2000
7758,1989
7759,1996
7760,1999
7761,2000
7762,1990
7763,2008
7764,1984
7765,2008
7766,2007
7767,1994
7768,2006
7769,1996
7770,1994
7771,1981
7772,1991
7773,1982
7774,2004
7775,2011
7776,2004
7777,1997
7778,1977
7779,2002
7780,1995
7781,2002
7782,1989
7783,2001
7784,2006
7785,2011
7786,2002
7787,1989
7788,1992
7789,2001
7790,2011
7791,2004
7792,1991
7793,1985
7794,1992
7795,1996
7796,1991
7797,1983
7798,1984
7799,2002
7800,2005
7801,1994
7802,1993
7803,1996
7804,2003
7805,1996
7806,2001
7807,1992
7808,2001
7809,2011
7810,1996
7811,2004
7812,1992
7813,2008
7814,1996
7815,1998
7816,2006
7817,2011
7818,2001
7819,1982
7820,2009
7821,1995
7822,2008
7823,2007
7824,1997
7825,1988
7826,2003
7827,1962
7828,2011
7829,2004
7830,2000
7831,1989
7832,1996
7833,1994
7834,2006
7835,1970
7836,1999
7837,1975
7838,1999
7839,2001
7840,2005
7841,1988
7842,2007
7843,2006
7844,1998
7845,1995
7846,1999
7847,1981
7848,1989
7849,1983
7850,2005
7851,1981
7852,2001
7853,2004
7854,1997
7855,2007
7856,2010
7857,2002
7858,2011
7859,2005
7860,1995
7861,1995
7862,2004
7863,2003
7864,2002
7865,2005
7866,2011
7867,2010
7868,1991
7869,1999
7870,1992
7871,1995
7872,1985
7873,2003
7874,2006
7875,2011
7876,1999
7877,1979
7878,2007
7879,1993
7880,1999
7881,1990
7882,1984
7883,1991
7884,1998
7885,2011
7886,1996
7887,1993
7888,2008
7889,2011
7890,2009
7891,1987
7892,2008
7893,1985
7894,1990
7895,1994
7896,2001
7897,2004
7898,1991
7899,1992
7900,1985
7901,1972
7902,1994
7903,1993
7904,2002
7905,1999
7906,1999
7907,1999
7908,2000
7909,1922
7910,1995
7911,1987
7912,1999
7913,1999
7914,1972
7915,2005
7916,1994
7917,1955
7918,2004
7919,1977
7920,2011
7921,2002
7922,2002
7923,2003
7924,1977
7925,2004
7926,2000
7927,2002
7928,2004
7929,1982
7930,2003
7931,1998
7932,1996
7933,1998
7934,2011
7935,2005
7936,2007
7937,2011
7938,2006
7939,1988
7940,1983
7941,1971
7942,2002
7943,1961
7944,2004
7945,1985
7946,2000
7947,1995
7948,1979
7949,1992
7950,2003
7951,1991
7952,1997
7953,2011
7954,2011
7955,2011
7956,2006
7957,1993
7958,2004
7959,2002
7960,1992
7961,2011
7962,2011
7963,1997
7964,1990
7965,1996
7966,1992
7967,2011
7968,1997
7969,2010
7970,1999
7971,1998
7972,1993
7973,2001
7974,1979
7975,2008
7976,1998
7977,1994
7978,2010
7979,1995
7980,1991
7981,1992
7982,1981
7983,2011
7984,2011
7985,2001
7986,1999
7987,2008
7988,1992
7989,2003
7990,1983
7991,2007
7992,1984
7993,1994
7994,1999
7995,2011
7996,1991
7997,1995
7998,1985
7999,1998
8000,2002
8001,2011
8002,1995
8003,2008
8004,1986
8005,2010
8006,1996
8007,1994
8008,2011
8009,1998
8010,2011
8011,2004
8012,2002
8013,2005
8014,1994
8015,1997
8016,2000
8017,1994
8018,1988
8019,2011
8020,1991
8021,1987
8022,1986
8023,2010
8024,1984
8025,1996
8026,2006
8027,2002
8028,2001
8029,2008
8030,2009
8031,1995
8032,1998
8033,1997
8034,1993
8035,1996
8036,2001
8037,2004
8038,2011
8039,1992
8040,2004
8041,1967
8042,2009
8043,2001
8044,1990
8045,2011
8046,1998
8047,2002
8048,1994
8049,1999
8050,2004
8051,2006
8052,2009
8053,2003
8054,2004
8055,2001
8056,1988
8057,2008
8058,2004
8059,1981
8060,2011
8061,1997
8062,1977
8063,1996
8064,1987
8065,2007
8066,2004
8067,1995
8068,1995
8069,1989
8070,1999
8071,2009
8072,2009
8073,1992
8074,2008
8075,2011
8076,1987
8077,2000
8078,2000
8079,1996
8080,1999
8081,2011
8082,2001
8083,2011
8084,1996
8085,1989
8086,1999
8087,1991
8088,1992
8089,2008
8090,1998
8091,1986
8092,2007
8093,2004
8094,1993
8095,2011
8096,2011
8097,1988
8098,2004
8099,2001
8100,1995
8101,1993
8102,1996
8103,2006
8104,2005
8105,2005
8106,1992
8107,1979
8108,1998
8109,1998
8110,2006
8111,2001
8112,2001
8113,1999
8114,2006
8115,1997
8116,1987
8117,1996
8118,1998
8119,1994
8120,1989
8121,1997
8122,1986
8123,2003
8124,1992
8125,1987
8126,1993
8127,1993
8128,2000
8129,1966
8130,2011
8131,1995
8132,1995
8133,1996
8134,2011
8135,2002
8136,2006
8137,1998
8138,2010
8139,1993
8140,2011
8141,2005
8142,2000
8143,1976
8144,2011
8145,1988
8146,1976
8147,1992
8148,1989
8149,2002
8150,2001
8151,2001
8152,2011
8153,1968
8154,1974
8155,1983
8156,2000
8157,2005
8158,1971
8159,2011
8160,1985
8161,1987
8162,2009
8163,2005
8164,2011
8165,2002
8166,1998
8167,1995
8168,2005
8169,1994
8170,1991
8171,2004
8172,1998
8173,1993
8174,1978
8175,1992
8176,1984
8177,1996
8178,1996
8179,1991
8180,1990
8181,1982
8182,1985
8183,1996
8184,2003
8185,2005
8186,2011
8187,1984
8188,1990
8189,1996
8190,1999
8191,2011
8192,1995
8193,2007
8194,2011
8195,2005
8196,2011
8197,2011
8198,2007
8199,1995
8200,2005
8201,1995
8202,2011
8203,2007
8204,2008
8205,2010
8206,1977
8207,2002
8208,1982
8209,1993
8210,1998
8211,2001
8212,2003
8213,2011
8214,1986
8215,2007
8216,1991
8217,2002
8218,2011
8219,2011
8220,2003
8221,2011
8222,2011
8223,2008
8224,2004
8225,1990
8226,1998
8227,2003
8228,2003
8229,1998
8230,2004
8231,2002
8232,2005
8233,1973
8234,1996
8235,2011
8236,1985
8237,1995
8238,1983
8239,2008
8240,2011
8241,2006
8242,1987
8243,2001
8244,1982
8245,2011
8246,1997
8247,1988
8248,1986
8249,2006
8250,1990
8251,2004
8252,2009
8253,1985
8254,2003
8255,2008
8256,2006
8257,2011
8258,1996
8259,2011
8260,1983
8261,1985
8262,1998
8263,2004
8264,1999
8265,1975
8266,1976
8267,1993
8268,1997
8269,2000
8270,1998
8271,2002
8272,1984
8273,1998
8274,1986
8275,1994
8276,2011
8277,2011
8278,2002
8279,1997
8280,2009
8281,1934
8282,1995
8283,2001
8284,1991
8285,1989
8286,2007
8287,1995
8288,2002
8289,2008
8290,2008
8291,1995
8292,1996
8293,2011
8294,2005
8295,1978
8296,2008
8297,1989
8298,1992
8299,1990
8300,2007
8301,1992
8302,1999
8303,1980
8304,2011
8305,1992
8306,1996
8307,2010
8308,2010
8309,1999
8310,1999
8311,2011
8312,1994
8313,2003
8314,2003
8315,2011
8316,2011
8317,2011
8318,1997
8319,2001
8320,2010
8321,2003
8322,1984
8323,1998
8324,2011
8325,2011
8326,1998
8327,1989
8328,2011
8329,2001
8330,2002
8331,2002
8332,1984
8333,2010
8334,2007
8335,2007
8336,1998
8337,1993
8338,1992
8339,1988
8340,2002
8341,1991
8342,2006
8343,1978
8344,1991
8345,2011
8346,1993
8347,1982
8348,1991
8349,2011
8350,2001
8351,1998
8352,2011
8353,1982
8354,2011
8355,1997
8356,1992
8357,2004
8358,2005
8359,2003
8360,1981
8361,2006
8362,1996
8363,1993
8364,2003
8365,1982
8366,2006
8367,1996
8368,2005
8369,1976
8370,1995
8371,2011
8372,1993
8373,1987
8374,2006
8375,2003
8376,1984
8377,1990
8378,1992
8379,1985
8380,2008
8381,2002
8382,1989
8383,2011
8384,1995
8385,1994
8386,1970
8387,2005
8388,2007
8389,2000
8390,2006
8391,2005
8392,2000
8393,1989
8394,1993
8395,2005
8396,1979
8397,1990
8398,1994
8399,1995
8400,1995
8401,1994
8402,1993
8403,2002
8404,1986
8405,1991
8406,1997
8407,2005
8408,1959
8409,1994
8410,1976
8411,1999
8412,2004
8413,2003
8414,2011
8415,1993
8416,1999
8417,2011
8418,1998
8419,1999
8420,1997
8421,1990
8422,2011
8423,1990
8424,1987
8425,1987
8426,1973
8427,2003
8428,2004
8429,1964
8430,1989
8431,2011
8432,1993
8433,1996
8434,2002
8435,1990
8436,1991
8437,2005
8438,1991
8439,2004
8440,1982
8441,1997
8442,2002
8443,1994
8444,1983
8445,2006
8446,1996
8447,1995
8448,1998
8449,2005
8450,1987
8451,1998
8452,1994
8453,1998
8454,2005
8455,2011
8456,1985
8457,1998
8458,2002
8459,1999
8460,1994
8461,2011
8462,2011
8463,2006
8464,1998
8465,1984
8466,1990
8467,2002
8468,2011
8469,2000
8470,1950
8471,2007
8472,2004
8473,2002
8474,1999
8475,1977
8476,1997
8477,1997
8478,1988
8479,2011
8480,1986
8481,2003
8482,2000
8483,2011
8484,2002
8485,1995
8486,1998
8487,2011
8488,1983
8489,1992
8490,2010
8491,1996
8492,1981
8493,2011
8494,2002
8495,1996
8496,2011
8497,2011
8498,1999
8499,2009
8500,2011
8501,2008
8502,1980
8503,1996
8504,2003
8505,2005
8506,2004
8507,2006
8508,2005
8509,1993
8510,2008
8511,2003
8512,2005
8513,1993
8514,1997
8515,2001
8516,1972
8517,1997
8518,1997
8519,1997
8520,1990
8521,2011
8522,2001
8523,2007
8524,1987
8525,2011
8526,1992
8527,1969
8528,1991
8529,1979
8530,2002
8531,2011
8532,2003
8533,2003
8534,2003
8535,1957
8536,2004
8537,1998
8538,1996
8539,1991
8540,1995
8541,1996
8542,2011
8543,1984
8544,1995
8545,1994
8546,1988
8547,2006
8548,2007
8549,1999
8550,1998
8551,2001
8552,1991
8553,1995
8554,1992
8555,1991
8556,2011
8557,1997
8558,1997
8559,1995
8560,2007
8561,1994
8562,2009
8563,2006
8564,1993
8565,2003
8566,1988
8567,1999
8568,1993
8569,1997
8570,1999
8571,2004
8572,2010
8573,1997
8574,1989
8575,2001
8576,2011
8577,2001
8578,1998
8579,2011
8580,1997
8581,2011
8582,1990
8583,2007
8584,1980
8585,2007
8586,1999
8587,1994
8588,2001
8589,1977
8590,1990
8591,1997
8592,1979
8593,1982
8594,2010
8595,1999
8596,2004
8597,1986
8598,2004
8599,1995
8600,1995
8601,1994
8602,2011
8603,1989
8604,2011
8605,2000
8606,1982
8607,1987
8608,1991
8609,1972
8610,2002
8611,1999
8612,1990
8613,2004
8614,2006
8615,2000
8616,1982
8617,2000
8618,1992
8619,1995
8620,2005
8621,2006
8622,2011
8623,2011
8624,2006
8625,1994
8626,2000
8627,1994
8628,2002
8629,2011
8630,2001
8631,2004
8632,2003
8633,2006
8634,2005
8635,1975
8636,2006
8637,1989
8638,2011
8639,2000
8640,1995
8641,2004
8642,1990
8643,1998
8644,2011
8645,2001
8646,1970
8647,1995
8648,1978
8649,1997
8650,2005
8651,2011
8652,1992
8653,2009
8654,2000
8655,1999
8656,1991
8657,1998
8658,1982
8659,1989
8660,2001
8661,2009
8662,1999
8663,2011
8664,1986
8665,1987
8666,2007
8667,1993
8668,2003
8669,2011
8670,2000
8671,2007
8672,2011
8673,1987
8674,2005
8675,2008
8676,2008
8677,2000
8678,1988
8679,1996
8680,1973
8681,1991
8682,1995
8683,2004
8684,2010
8685,1983
8686,1992
8687,2011
8688,2011
8689,2004
8690,2006
8691,2000
8692,1985
8693,2005
8694,1983
8695,1996
8696,1989
8697,2007
8698,2011
8699,2011
8700,1998
8701,2007
8702,2005
8703,2004
8704,1985
8705,2002
8706,2001
8707,2003
8708,1999
8709,2006
8710,1995
8711,2006
8712,1982
8713,1994
8714,2011
8715,2001
8716,2002
8717,1984
8718,1993
8719,1988
8720,1986
8721,1999
8722,1991
8723,1960
8724,2006
8725,1997
8726,1972
8727,2002
8728,1980
8729,1993
8730,1996
8731,1997
8732,2011
8733,2007
8734,1984
8735,1995
8736,1993
8737,2001
8738,1993
8739,1996
8740,1988
8741,2007
8742,1995
8743,1996
8744,2011
8745,2005
8746,1999
8747,1974
8748,1995
8749,2009
8750,1979
8751,1995
8752,1991
8753,1998
8754,1985
8755,1978
8756,1988
8757,1985
8758,1999
8759,2011
8760,2011
8761,1999
8762,1983
8763,2006
8764,2003
8765,1952
8766,1998
8767,1987
8768,2011
8769,1983
8770,2000
8771,1998
8772,1985
8773,1993
8774,1983
8775,1998
8776,1993
8777,2011
8778,2009
8779,1982
8780,1999
8781,1990
8782,2006
8783,1998
8784,2011
8785,2002
8786,2010
8787,1996
8788,2002
8789,2011
8790,2004
8791,2000
8792,1994
8793,1998
8794,1997
8795,2002
8796,1994
8797,1998
8798,2007
8799,1988
8800,1994
8801,1996
8802,2003
8803,2000
8804,2002
8805,2006
8806,1994
8807,1996
8808,1998
8809,1992
8810,1988
8811,1987
8812,1981
8813,2011
8814,2005
8815,2011
8816,2011
8817,1984
8818,1988
8819,1992
8820,1996
8821,2006
8822,2000
8823,2008
8824,1997
8825,2002
8826,2001
8827,2009
8828,2007
8829,1989
8830,1994
8831,2011
8832,1993
8833,2007
8834,1978
8835,2009
8836,1990
8837,1997
8838,1995
8839,2011
8840,1995
8841,2002
8842,1999
8843,1988
8844,2010
8845,1982
8846,1989
8847,2000
8848,1991
8849,1995
8850,1999
8851,2011
8852,1984
8853,2007
8854,1999
8855,2003
8856,1997
8857,1998
8858,1986
8859,1981
8860,1987
8861,2010
8862,1995
8863,2001
8864,1992
8865,2011
8866,1966
8867,2002
8868,2005
8869,2006
8870,1993
8871,2000
8872,2002
8873,2002
8874,2009
8875,1991
8876,1977
8877,2011
8878,1988
8879,1988
8880,2003
8881,1993
8882,1976
8883,2000
8884,1992
8885,1995
8886,1993
8887,2001
8888,1998
8889,2001
8890,1981
8891,2003
8892,1994
8893,1983
8894,1973
8895,1999
8896,2000
8897,1999
8898,1998
8899,2003
8900,2007
8901,1998
8902,2000
8903,2011
8904,1996
8905,1997
8906,2005
8907,2007
8908,2011
8909,1992
8910,2003
8911,2002
8912,1999
8913,1997
8914,1997
8915,1997
8916,1994
8917,2007
8918,1995
8919,1983
8920,2002
8921,2004
8922,2004
8923,2011
8924,1977
8925,1997
8926,2007
8927,2004
8928,1995
8929,1994
8930,1998
8931,2004
8932,2011
8933,1997
8934,2008
8935,1996
8936,1994
8937,1988
8938,2002
8939,1989
8940,1993
8941,2010
8942,1991
8943,1998
8944,2003
8945,1978
8946,1989
8947,2001
8948,1996
8949,1987
8950,1995
8951,1991
8952,1975
8953,1995
8954,2000
8955,1991
8956,1991
8957,2005
8958,1991
8959,2000
8960,2005
8961,2007
8962,1977
8963,1979
8964,2006
8965,1999
8966,2007
8967,1999
8968,1997
8969,2004
8970,2008
8971,1993
8972,1999
8973,2000
8974,2010
8975,2010
8976,1998
8977,2006
8978,1995
8979,2000
8980,1985
8981,1994
8982,2004
8983,1997
8984,2011
8985,2009
8986,1995
8987,2011
8988,1995
8989,2002
8990,2004
8991,2011
8992,2005
8993,2010
8994,1995
8995,2011
8996,1998
8997,1997
8998,2011
8999,2002
9000,2008
9001,1994
9002,1997
9003,2011
9004,1990
9005,1994
9006,1997
9007,1991
9008,2006
9009,1998
9010,2003
9011,2001
9012,1995
9013,2003
9014,1993
9015,1996
9016,2011
9017,1996
9018,2003
9019,2011
9020,2011
9021,1986
9022,2002
9023,2011
9024,2011
9025,2010
9026,1996
9027,1980
9028,2003
9029,2011
9030,2006
9031,2002
9032,2011
9033,1995
9034,2002
9035,1992
9036,1979
9037,2011
9038,1995
9039,1991
9040,1998
9041,2005
9042,1981
9043,1943
9044,1996
9045,2001
9046,2009
9047,2005
9048,1991
9049,2000
9050,2004
9051,2000
9052,2006
9053,1986
9054,1982
9055,1994
9056,2009
9057,1993
9058,1994
9059,1995
9060,2011
9061,1999
9062,1998
9063,1990
9064,1996
9065,2011
9066,2008
9067,2011
9068,2008
9069,2009
9070,1993
9071,2000
9072,2004
9073,2011
9074,1988
9075,2011
9076,2002
9077,1989
9078,1986
9079,1998
9080,2009
9081,2010
9082,1997
9083,1992
9084,1990
9085,2011
9086,1985
9087,1994
9088,1995
9089,2005
9090,1957
9091,2011
9092,2003
9093,2011
9094,2002
9095,1995
9096,1997
9097,1989
9098,1992
9099,2001
9100,1999
9101,2011
9102,2004
9103,2011
9104,2005
9105,2004
9106,1993
9107,1996
9108,1998
9109,1980
9110,2005
9111,2000
9112,2011
9113,2011
9114,1994
9115,2002
9116,1997
9117,1990
9118,1998
9119,1998
9120,2007
9121,2007
9122,2011
9123,1990
9124,1989
9125,1981
9126,1999
9127,1988
9128,2011
9129,2011
9130,2005
9131,2002
9132,2003
9133,2009
9134,2011
9135,2001
9136,1995
9137,1993
9138,1987
9139,1996
9140,1993
9141,2000
9142,2011
9143,2001
9144,1996
9145,1993
9146,1989
9147,1986
9148,2001
9149,1992
9150,2004
9151,2004
9152,1987
9153,1991
9154,1997
9155,1985
9156,1988
9157,2008
9158,1996
9159,2003
9160,2011
9161,1999
9162,2010
9163,1997
9164,2011
9165,1992
9166,2008
9167,1998
9168,1985
9169,1994
9170,1995
9171,2001
9172,1985
9173,2001
9174,1996
9175,2006
9176,1992
9177,2001
9178,1997
9179,1986
9180,1987
9181,2001
9182,1986
9183,2001
9184,1999
9185,2002
9186,2003
9187,2003
9188,1986
9189,1995
9190,1998
9191,1994
9192,1988
9193,1983
9194,1997
9195,1972
9196,1986
9197,2011
9198,2007
9199,2006
9200,1991
9201,2011
9202,2011
9203,2000
9204,1988
9205,2002
9206,2005
9207,1978
9208,2002
9209,1993
9210,2011
9211,1992
9212,1993
9213,2005
9214,1996
9215,1994
9216,1994
9217,1992
9218,1974
9219,2010
9220,1986
9221,2005
9222,1996
9223,2011
9224,2011
9225,1977
9226,2005
9227,1993
9228,1996
9229,1981
9230,1994
9231,1982
9232,1981
9233,2011
9234,1993
9235,2011
9236,2003
9237,1979
9238,2010
9239,2008
9240,1983
9241,1988
9242,1997
9243,1997
9244,1992
9245,1988
9246,1994
9247,1994
9248,1999
9249,1992
9250,1988
9251,1992
9252,1996
9253,1995
9254,1980
9255,2010
9256,2000
9257,1987
9258,2000
9259,1997
9260,2010
9261,2011
9262,2000
9263,1997
9264,2006
9265,2004
9266,2009
9267,1995
9268,1986
9269,2004
9270,2006
9271,2007
9272,2006
9273,1975
9274,2011
9275,2002
9276,1994
9277,1993
9278,1976
9279,2001
9280,2008
9281,1985
9282,2011
9283,2002
9284,1982
9285,2011
9286,1992
9287,1993
9288,2011
9289,1986
9290,2002
9291,1999
9292,1996
9293,2011
9294,2006
9295,1993
9296,1993
9297,2007
9298,1997
9299,2007
9300,1993
9301,1998
9302,1989
9303,1993
9304,2002
9305,1994
9306,1997
9307,2003
9308,1995
9309,1997
9310,2003
9311,2007
9312,2011
9313,1985
9314,2006
9315,1978
9316,1994
9317,1980
9318,2000
9319,2007
9320,2002
9321,1981
9322,1994
9323,2001
9324,1984
9325,2011
9326,2011
9327,2005
9328,1999
9329,2011
9330,1988
9331,2005
9332,2005
9333,1996
9334,1990
9335,1985
9336,1990
9337,2002
9338,1996
9339,2000
9340,2011
9341,1992
9342,2008
9343,1988
9344,2004
9345,1999
9346,1991
9347,2004
9348,1995
9349,1999
9350,2011
9351,2011
9352,1994
9353,1990
9354,1980
9355,1989
9356,1986
9357,2011
9358,1973
9359,2007
9360,2004
9361,1992
9362,1994
9363,2003
9364,2008
9365,1995
9366,1991
9367,2011
9368,1996
9369,1985
9370,2011
9371,1994
9372,2002
9373,1973
9374,2001
9375,1977
9376,1997
9377,2000
9378,1993
9379,2003
9380,2011
9381,2010
9382,1989
9383,1991
9384,1996
9385,2005
9386,1992
9387,1998
9388,2011
9389,1982
9390,2003
9391,2003
9392,1988
9393,2011
9394,2008
9395,2007
9396,2002
9397,2004
9398,1982
9399,2003
9400,1988
9401,2008
9402,1987
9403,2011
9404,1995
9405,2000
9406,1990
9407,1990
9408,1988
9409,2011
9410,1985
9411,1997
9412,2011
9413,2006
9414,1988
9415,1998
9416,1975
9417,2004
9418,2011
9419,1992
9420,1985
9421,2002
9422,1980
9423,2005
9424,1983
9425,1987
9426,2006
9427,1998
9428,1991
9429,2007
9430,1993
9431,2009
9432,2001
9433,1983
9434,2001
9435,1992
9436,1995
9437,2010
9438,1987
9439,2010
9440,1999
9441,1998
9442,2011
9443,2006
9444,2003
9445,1993
9446,1997
9447,2006
9448,2011
9449,1998
9450,2005
9451,2010
9452,2001
9453,1993
9454,2011
9455,2002
9456,1992
9457,2001
9458,1992
9459,2005
9460,1993
9461,2010
9462,2011
9463,1998
9464,2011
9465,1995
9466,2002
9467,1983
9468,2001
9469,1990
9470,1990
9471,2009
9472,1995
9473,1997
9474,1996
9475,1989
9476,1984
9477,1984
9478,2011
9479,1997
9480,1993
9481,1996
9482,2011
9483,1996
9484,2002
9485,1995
9486,1998
9487,2004
9488,2011
9489,1995
9490,1998
9491,2011
9492,2011
9493,1990
9494,2006
9495,2011
9496,1988
9497,2008
9498,1997
9499,2008
9500,1995
9501,2006
9502,1998
9503,1996
9504,1998
9505,2011
9506,2000
9507,2009
9508,1999
9509,1987
9510,1993
9511,1998
9512,2004
9513,2008
9514,1994
9515,2000
9516,1990
9517,1995
9518,1972
9519,1990
9520,2007
9521,1969
9522,2003
9523,1975
9524,1998
9525,2011
9526,1991
9527,2005
9528,1993
9529,2001
9530,1998
9531,1988
9532,1994
9533,2011
9534,2008
9535,1984
9536,2011
9537,2002
9538,2011
9539,2011
9540,2000
9541,1997
9542,1996
9543,2007
9544,1979
9545,1985
9546,2011
9547,1995
9548,1999
9549,2006
9550,2008
9551,2009
9552,1996
9553,2003
9554,1987
9555,1997
9556,2007
9557,2002
9558,1988
9559,1988
9560,2007
9561,2004
9562,1990
9563,1997
9564,1996
9565,2007
9566,2000
9567,1998
9568,1997
9569,2011
9570,2011
9571,1998
9572,1944
9573,1999
9574,2005
9575,1996
9576,1989
9577,1992
9578,1997
9579,1991
9580,1997
9581,2006
9582,1982
9583,2011
9584,1983
9585,2000
9586,2011
9587,1990
9588,1994
9589,2001
9590,1991
9591,2009
9592,1999
9593,2006
9594,1993
9595,2011
9596,1998
9597,2000
9598,1999
9599,2011
9600,1988
9601,2000
9602,2011
9603,2001
9604,1995
9605,2001
9606,1995
9607,1997
9608,1998
9609,1986
9610,1999
9611,2004
9612,2009
9613,1999
9614,2011
9615,1996
9616,1977
9617,2000
9618,1981
9619,1999
9620,1994
9621,1997
9622,2009
9623,2003
9624,1995
9625,2002
9626,1974
9627,2000
9628,2006
9629,2004
9630,1994
9631,1994
9632,2002
9633,1999
9634,2005
9635,2000
9636,2009
9637,2006
9638,1984
9639,1998
9640,1994
9641,1984
9642,1994
9643,1990
9644,1987
9645,2008
9646,1997
9647,2011
9648,1998
9649,1982
9650,2008
9651,1997
9652,1998
9653,1989
9654,1982
9655,2011
9656,1996
9657,1995
9658,2002
9659,1997
9660,2001
9661,1992
9662,2004
9663,1986
9664,2011
9665,2011
9666,1997
9667,1998
9668,1999
9669,2003
9670,1996
9671,1997
9672,1992
9673,2011
9674,2011
9675,2001
9676,2011
9677,1967
9678,1995
9679,2001
9680,2011
9681,2006
9682,1986
9683,2001
9684,2003
9685,2011
9686,1998
9687,2009
9688,2011
9689,2006
9690,1985
9691,2009
9692,1988
9693,1992
9694,1990
9695,2004
9696,2006
9697,2001
9698,1995
9699,2011
9700,2003
9701,1982
9702,2011
9703,1987
9704,2000
9705,1975
9706,2000
9707,2002
9708,2003
9709,1985
9710,1996
9711,2004
9712,2011
9713,2000
9714,1987
9715,2011
9716,1998
9717,1984
9718,1995
9719,1974
9720,2004
9721,1997
9722,1997
9723,2007
9724,1985
9725,1987
9726,1993
9727,2005
9728,2011
9729,2002
9730,2002
9731,1996
9732,2003
9733,2003
9734,1998
9735,1995
9736,2006
9737,1994
9738,1985
9739,1987
9740,1986
9741,2007
9742,1990
9743,1991
9744,1984
9745,1987
9746,2003
9747,1989
9748,2000
9749,2005
9750,1993
9751,2006
9752,2002
9753,1988
9754,2004
9755,2002
9756,1991
9757,1988
9758,2009
9759,2011
9760,1990
9761,2011
9762,1991
9763,1977
9764,1963
9765,1992
9766,2002
9767,1986
9768,1993
9769,2009
9770,1997
9771,1984
9772,2006
9773,1989
9774,1994
9775,2002
9776,1992
9777,2011
9778,1990
9779,2005
9780,2007
9781,1997
9782,2008
9783,2003
9784,2011
9785,2002
9786,1998
9787,1995
9788,1987
9789,1994
9790,2011
9791,1998
9792,2000
9793,1995
9794,2002
9795,2011
9796,2006
9797,1982
9798,1998
9799,2001
9800,1998
9801,1982
9802,1989
9803,2010
9804,1979
9805,2006
9806,2008
9807,2011
9808,1987
9809,1994
9810,1994
9811,2008
9812,1992
9813,1998
9814,1988
9815,2009
9816,2011
9817,1998
9818,2001
9819,1993
9820,2011
9821,2007
9822,1990
9823,1976
9824,1973
9825,1994
9826,1993
9827,2009
9828,2006
9829,2007
9830,1990
9831,2007
9832,1998
9833,2000
9834,1993
9835,2011
9836,2006
9837,1984
9838,2004
9839,2003
9840,1999
9841,1987
9842,1971
9843,1992
9844,1990
9845,1997
9846,2006
9847,1962
9848,2009
9849,1995
9850,1995
9851,2001
9852,1995
9853,1998
9854,2001
9855,2011
9856,1987
9857,2011
9858,1989
9859,2002
9860,2000
9861,1988
9862,2007
9863,2006
9864,1986
9865,2005
9866,2002
9867,1996
9868,2000
9869,2002
9870,2000
9871,1999
9872,1999
9873,1993
9874,1994
9875,2001
9876,1988
9877,1977
9878,2005
9879,2004
9880,1984
9881,1993
9882,2000
9883,2000
9884,1984
9885,1992
9886,1994
9887,2002
9888,1998
9889,2000
9890,1988
9891,1989
9892,1997
9893,2000
9894,1993
9895,1995
9896,2011
9897,1996
9898,2006
9899,1992
9900,2011
9901,1979
9902,1994
9903,2011
9904,1979
9905,2011
9906,2002
9907,2005
9908,2007
9909,1992
9910,1983
9911,2005
9912,1987
9913,2011
9914,1987
9915,1981
9916,1997
9917,2003
9918,1996
9919,1985
9920,1997
9921,1978
9922,1988
9923,2000
9924,1984
9925,1985
9926,2000
9927,2009
9928,1977
9929,2001
9930,1998
9931,1999
9932,2005
9933,1998
9934,1989
9935,2001
9936,1974
9937,2007
9938,2011
9939,1990
9940,2004
9941,2004
9942,2008
9943,1988
9944,2005
9945,1997
9946,2011
9947,1973
9948,2005
9949,1983
9950,2005
9951,1992
9952,2007
9953,1966
9954,2007
9955,2007
9956,2002
9957,1996
9958,1991
9959,1991
9960,2007
9961,1996
9962,1993
9963,2011
9964,2008
9965,2000
9966,2011
9967,1994
9968,1994
9969,1994
9970,1979
9971,1992
9972,1987
9973,2005
9974,1995
9975,2002
9976,2001
9977,2011
9978,2006
9979,2010
9980,1985
9981,1990
9982,2011
9983,2000
9984,1982
9985,2009
9986,2011
9987,2000
9988,2004
9989,1994
9990,2006
9991,2011
9992,2007
9993,1978
9994,1996
9995,2007
9996,1997
9997,2004
9998,1992
9999,1975
10000,2011
